flow id:,first send:,last send:,last arrive:,send num:,receive num:,send size:,receive size:,FCT:,origin_pg:,transfer delay:
11:0:11 11:0:41 10198 100 17,7.004910309,1496.562233786,1496.562290984,128249131,128250120,88826839,88826839,1489.557380675,3,0
11:0:11 11:0:41 10195 100 17,7.004547712,853.008090965,853.016898091,18460429,18461234,32953236,32953236,846.012350379,3,0
11:0:11 11:0:41 10193 100 17,7.004375914,627.78285318,627.797127532,4060418,4060960,15111218,15111218,620.792751618,3,0
11:0:11 11:0:41 10192 100 17,7.004338315,325.177354451,325.177549853,2452629,2452666,1333486,1333486,318.173211538,3,0
11:0:11 11:0:41 10190 100 17,7.004273916,616.04517953,616.06182608,7562613,7563197,24711438,24711438,609.057552164,3,0
11:0:11 11:0:41 10187 100 17,7.004199119,449.112271197,449.156984637,1431905,1432305,8163612,8163612,442.152785518,3,0
11:0:11 11:0:41 10186 100 17,7.00417372,469.490319414,469.53101271,1510302,1510705,8381714,8381714,462.52683899,3,0
11:0:11 11:0:41 10185 100 17,7.004148921,376.71495042,376.760111057,875794,876073,5636747,5636747,369.755962136,3,0
11:0:11 11:0:41 10183 100 17,7.003817721,542.330405031,542.350253566,7563650,7564156,20457259,20457259,535.346435845,3,0
11:0:11 11:0:41 10181 100 17,7.003761723,501.056268463,501.056600064,5767412,5767482,3083719,3083719,494.052838341,3,0
11:0:11 11:0:41 10179 100 17,7.003697725,629.306643959,629.323127308,8385735,8386347,26389332,26389332,622.319429583,3,0
11:0:11 11:0:41 10177 100 17,7.003353127,299.652577133,299.708697742,461538,461756,4143216,4143216,292.705344615,3,0
11:0:11 11:0:41 10176 100 17,7.003335728,248.701695834,248.760164614,275132,275259,2550923,2550923,241.756828886,3,0
11:0:11 11:0:41 10174 100 17,7.00317613,499.53562728,499.577906568,1661635,1662058,8941637,8941637,492.574730438,3,0
11:0:11 11:0:41 10173 100 17,7.002869331,1119.711282818,1119.715120807,37840428,37841255,64820011,64820011,1112.712251476,3,0
11:0:11 11:0:41 10172 100 17,7.002830132,2141.645216707,2141.645283505,332960972,332962057,164030539,164030539,2134.642453373,3,0
11:0:11 11:0:41 10171 100 17,7.002805933,291.877968322,291.940386719,420545,420770,3457697,3457697,284.937580786,3,0
11:0:11 11:0:41 10170 100 17,7.002780734,275.44625222,275.490144645,436713,436901,3612149,3612149,268.487363911,3,0
11:0:11 11:0:41 10169 100 17,7.002753934,348.374034068,348.426084923,2756446,2756776,15061855,15061855,341.423330989,3,0
11:0:11 11:0:41 10168 100 17,7.002627935,525.754765841,525.77947737,1970742,1971189,9906285,9906285,518.776849435,3,0
11:0:11 11:0:41 10167 100 17,7.002337135,1272.692782384,1272.695589975,93768758,93769960,97513846,97513846,1265.69325284,3,0
11:0:11 11:0:41 10163 100 17,7.002233338,406.25782268,406.329627605,960657,960963,6244772,6244772,399.327394267,3,0
11:0:11 11:0:41 10161 100 17,7.00219074,519.012989088,519.037962218,2127231,2127695,9977913,9977913,512.035771478,3,0
11:0:11 11:0:41 10158 100 17,7.002103343,200.602140614,200.659067627,209264,209417,2611316,2611316,193.656964284,3,0
11:0:11 11:0:41 10165 100 17,7.002282737,1329.434819233,1329.434879233,83266033,83267028,108182849,108182849,1322.432596496,3,0
11:0:11 11:0:41 10156 100 17,7.001772345,405.625305393,405.707316685,1007031,1007361,6629164,6629164,398.70554434,3,0
11:0:11 11:0:41 10199 100 17,7.004949508,696.252083506,696.263608472,10816946,10817618,33381223,33381223,689.258658964,3,0
11:0:11 11:0:41 10155 100 17,7.001642745,176.429683947,176.514304102,524426,524522,3356254,3356254,169.512661357,3,0
11:0:11 11:0:41 10154 100 17,7.001614546,163.050849921,163.05114152,675003,675007,965094,965094,156.049526974,2,0
11:0:11 11:0:41 10152 100 17,7.001535948,136.505225366,136.505575566,165583,165588,297527,297527,129.504039618,2,0
11:0:11 11:0:41 10197 100 17,7.00487271,2096.398819085,2096.398947809,297772658,297773688,142386733,142386733,2089.394075099,3,0
11:0:11 11:0:41 10151 100 17,7.001499149,131.605656907,131.605930907,136804,136807,264822,264822,124.604431758,2,0
11:0:11 11:0:41 10150 100 17,7.00145915,2415.570903005,2415.571189005,504999,505000,47957,47957,2408.569729855,2,0
11:0:11 11:0:41 10148 100 17,7.001381152,144.069057947,144.069477346,301997,302002,402194,402194,137.068096194,2,0
11:0:11 11:0:41 10147 100 17,7.001345553,178.303573384,178.304033784,869735,869740,916347,916347,171.302688231,2,0
11:0:11 11:0:41 10143 100 17,7.001230557,130.68058346,130.680852461,2240,2240,2293,2293,123.679621904,1,0
11:0:11 11:0:41 10149 100 17,7.001422351,182.494242182,182.494504582,278393,278469,298243,298243,175.493082231,2,0
11:0:11 11:0:41 10141 100 17,7.001180359,126.637334623,126.637410823,2127,2127,2221,2221,119.636230464,1,0
11:0:11 11:0:41 10140 100 17,7.00115556,129.994565272,129.994871073,2250,2250,2289,2289,122.993715513,1,0
11:0:11 11:0:41 10136 100 17,7.001050564,130.051267607,130.051589407,2251,2251,2291,2291,123.050538843,1,0
11:0:11 11:0:41 10135 100 17,7.001025365,102.6200952,102.620248202,2433,2434,4102,4102,95.619222837,1,0
11:0:11 11:0:41 10182 100 17,7.003791322,617.224660587,617.241766538,2488687,2489032,8518069,8518069,610.237975216,3,0
11:0:11 11:0:41 10134 100 17,7.000995566,124.982637356,124.982871556,3139,3139,4929,4929,117.98187599,1,0
11:0:11 11:0:41 10157 100 17,7.002079144,937.615120151,937.619753331,24522957,24523830,36828054,36828054,930.617674187,3,0
11:0:11 11:0:41 10131 100 17,7.000920369,130.252586369,130.252670768,2240,2240,2307,2307,123.251750399,1,0
11:0:11 11:0:41 10130 100 17,7.00089497,93.933237858,93.933466061,1638,1638,3680,3680,86.932571091,1,0
11:0:11 11:0:41 10127 100 17,7.000782172,126.995307116,126.995551317,1486,1486,3216,3216,119.994769145,1,0
11:0:11 11:0:41 10055 100 17,2.001671146,328.915880946,328.961192215,564192,564438,4746948,4746948,326.959521069,3,0
11:0:11 11:0:41 10056 100 17,2.001978345,397.506883914,397.571315855,1079191,1079538,6966217,6966217,395.56933751,3,0
11:0:11 11:0:41 10051 100 17,2.00149455,140.130097355,140.130412954,32206,32206,47544,47544,138.128918404,2,0
11:0:11 11:0:41 10105 100 17,7.000158794,126.452072518,126.452328119,2109,2109,2243,2243,119.452169325,1,0
11:0:11 11:0:41 10050 100 17,2.001431551,154.940805738,154.941039539,303189,303191,796274,796274,152.939607988,2,0
11:0:11 11:0:41 10191 100 17,7.004300716,541.671623817,541.692552954,6632716,6633188,19961585,19961585,534.688252238,3,0
11:0:11 11:0:41 10094 100 17,2.003786713,4047.714716692,4047.714772292,32522758,32522759,1249560,1249560,4045.710985579,3,0
11:0:11 11:0:41 10047 100 17,2.001272954,147.707305828,147.707455826,253812,253814,726717,726717,145.706182872,2,0
11:0:11 11:0:41 10045 100 17,2.001221156,141.530434154,141.530754553,287883,287886,401905,401905,139.529533397,2,0
11:0:11 11:0:41 10007 100 17,2.000199993,104.295737871,104.295806272,1356,1356,2874,2874,102.295606279,1,0
11:0:11 11:0:41 10178 100 17,7.003660126,2506.889146308,2506.889200306,812306006,812307335,460323444,460323444,2499.88554018,3,0
11:0:11 11:0:41 10041 100 17,2.00111576,127.016276429,127.016617029,3787,3787,5580,5580,125.015501269,1,0
11:0:11 11:0:41 10040 100 17,2.001090761,125.345567976,125.345869576,2083,2083,2287,2287,123.344778815,1,0
11:0:11 11:0:41 10062 100 17,2.002123739,1324.149397574,1324.151708568,113543262,113544522,108307685,108307685,1322.149584829,3,0
11:0:11 11:0:41 10080 100 17,2.003126925,673.885818914,673.898172074,4324813,4325260,14993812,14993812,671.895045149,3,0
11:0:11 11:0:41 10035 100 17,2.000953566,124.037625717,124.037854318,2083,2083,2290,2290,122.036900752,1,0
11:0:11 11:0:41 10019 100 17,2.000515781,117.512927004,117.513228804,1838,1838,2153,2153,115.512713023,1,0
11:0:11 11:0:41 10081 100 17,2.003150124,898.71857808,898.725332255,21949340,21950170,50210772,50210772,896.722182131,3,0
11:0:11 11:0:41 10052 100 17,2.001529749,127.759984266,127.760502267,146201,146203,315980,315980,125.758972518,2,0
11:0:11 11:0:41 10133 100 17,7.000970567,153.749672296,153.749890497,4201,4201,3698,3698,146.74891993,1,0
11:0:11 11:0:41 10033 100 17,2.000892768,122.965992319,122.966234121,1461,1461,3355,3355,120.965341353,1,0
11:0:11 11:0:41 10196 100 17,7.004850111,494.678802865,494.723360364,2041198,2041644,8080544,8080544,487.718510253,3,0
11:0:11 11:0:41 10032 100 17,2.000867369,125.508239972,125.508333177,2089,2089,2291,2291,123.507465808,1,0
11:0:11 11:0:41 10030 100 17,2.00079097,126.81706034,126.817217146,1775,1775,3901,3901,124.816426176,1,0
11:0:11 11:0:41 10038 100 17,2.001029563,97.54883617,97.548933371,2333,2333,3952,3952,95.547903808,1,0
11:0:11 11:0:41 10079 100 17,2.003087726,305.635484616,305.635775014,2047049,2047291,8662542,8662542,303.632687288,3,0
11:0:11 11:0:41 10005 100 17,2.000149595,124.995234509,124.995540109,2090,2090,2300,2300,122.995390514,1,0
11:0:11 11:0:41 10039 100 17,2.001052562,117.580394914,117.580589115,1171,1171,2685,2685,115.579536553,1,0
11:0:11 11:0:41 10000 100 17,2,118.366059851,118.366279851,1834,1834,2149,2149,116.366279851,1,0
11:0:11 11:0:41 10102 100 17,7.000070797,131.802239748,131.802397147,1213,1213,2555,2555,124.80232635,1,0
11:0:11 11:0:41 10021 100 17,2.000565979,121.4523815,121.452451499,1954,1954,2228,2228,119.45188552,1,0
11:0:11 11:0:41 10018 100 17,2.000490782,118.922196309,118.922532309,1843,1843,2153,2153,116.922041527,1,0
11:0:11 11:0:41 10028 100 17,2.000741372,125.67968115,125.679818352,2080,2080,2290,2290,123.67907698,1,0
11:0:11 11:0:41 10103 100 17,7.000108996,93.69045956,93.690526759,1632,1632,2805,2805,86.690417763,1,0
11:0:11 11:0:41 10126 100 17,7.000757373,133.184352729,133.184428529,2207,2207,2228,2228,126.183671156,1,0
11:0:11 11:0:41 10129 100 17,7.000858571,129.021591607,129.021827606,2929,2929,4400,4400,122.020969035,1,0
11:0:11 11:0:41 10006 100 17,2.000174594,128.228101762,128.228299964,1933,1933,2154,2154,126.22812537,1,0
11:0:11 11:0:41 10071 100 17,2.002503531,260.172087818,260.229007616,302296,302488,3367597,3367597,258.226504085,3,0
11:0:11 11:0:41 10057 100 17,2.002003344,440.417313023,440.468854431,1305745,1306117,7499360,7499360,438.466851087,3,0
11:0:11 11:0:41 10044 100 17,2.001195957,127.382604675,127.38276308,2211,2211,2367,2367,125.381567123,1,0
11:0:11 11:0:41 10175 100 17,7.003311329,211.308299978,211.367517377,180369,180475,2096158,2096158,204.364206048,3,0
11:0:11 11:0:41 10095 100 17,2.003813513,212.0998904,212.164504577,121908,122032,2041051,2041051,210.160691064,3,0
11:0:11 11:0:41 10002 100 17,2.000050598,117.57224435,117.572559951,1059,1059,2555,2555,115.572509353,1,0
11:0:11 11:0:41 10001 100 17,2.000025399,128.528849688,128.633927711,5705,5709,7993,7993,126.633902312,1,0
11:0:11 11:0:41 10046 100 17,2.001248755,129.521129479,129.521473278,240675,240675,302860,302860,127.520224523,2,0
11:0:11 11:0:41 10037 100 17,2.001004364,118.922221108,118.922557508,1843,1843,2148,2148,116.921553144,1,0
11:0:11 11:0:41 10003 100 17,2.000088397,129.767182746,129.767408946,2777,2777,7982,7982,127.767320549,1,0
11:0:11 11:0:41 10188 100 17,7.004224118,491.350715885,491.405700344,1777148,1777576,8963993,8963993,484.401476226,3,0
11:0:11 11:0:41 10011 100 17,2.000313189,128.584758887,128.584992488,2198,2198,3534,3534,126.584679299,1,0
11:0:11 11:0:41 10025 100 17,2.000666575,121.618253492,121.618325292,1972,1972,2223,2223,119.617658717,1,0
11:0:11 11:0:41 10048 100 17,2.001324753,132.106125092,132.106209691,445505,445511,804459,804459,130.104884938,2,0
11:0:11 11:0:41 10083 100 17,2.003200522,470.07021266,470.157540297,1563102,1563512,8572285,8572285,468.154339775,3,0
11:0:11 11:0:41 10104 100 17,7.000133795,116.482335043,116.482391842,5051,5053,7240,7240,109.482258047,1,0
11:0:11 11:0:41 10189 100 17,7.004248917,224.286722116,224.380349441,188188,188327,2323282,2323282,217.376100524,3,0
11:0:11 11:0:41 10013 100 17,2.000365987,118.961244964,118.961301567,1843,1843,2150,2150,116.96093558,1,0
11:0:11 11:0:41 10059 100 17,2.002053542,453.249812182,453.303949009,1340916,1341291,7664552,7664552,451.301895467,3,0
11:0:11 11:0:41 10053 100 17,2.001558148,175.569245146,175.569598946,52265,52265,289758,289758,173.568040798,2,0
11:0:11 11:0:41 10128 100 17,7.000820172,125.10235248,125.10248548,1757,1757,3769,3769,118.101665308,1,0
11:0:11 11:0:41 10014 100 17,2.000391386,98.314597121,98.314874516,3765,3765,6821,6821,96.31448313,1,0
11:0:11 11:0:41 10015 100 17,2.000415785,125.533601683,125.533686489,2086,2086,2293,2293,123.533270704,1,0
11:0:11 11:0:41 10073 100 17,2.002553329,596.698731453,596.716371996,3333241,3333779,13485036,13485036,594.713818667,3,0
11:0:11 11:0:41 10110 100 17,7.000295989,118.538835961,118.539077763,1753,1753,3628,3628,111.538781774,1,0
11:0:11 11:0:41 10054 100 17,2.001631147,140.889569117,140.889892315,516797,516802,957171,957171,138.888261168,2,0
11:0:11 11:0:41 10010 100 17,2.00028839,121.432185821,121.432252221,1951,1951,2215,2215,119.431963831,1,0
11:0:11 11:0:41 10023 100 17,2.000616177,118.957228775,118.957540375,1845,1845,2150,2150,116.956924198,1,0
11:0:11 11:0:41 10106 100 17,7.000183593,80.246044956,80.246340557,1051,1051,2414,2414,73.246156964,1,0
11:0:11 11:0:41 10166 100 17,7.002312336,222.233265462,222.302998251,169349,169474,2028061,2028061,215.300685915,3,0
11:0:11 11:0:41 10016 100 17,2.000440784,124.072628976,124.072772577,2074,2075,2293,2293,122.072331793,1,0
11:0:11 11:0:41 10089 100 17,2.003658917,616.782123163,616.797533312,8502468,8503062,28339067,28339067,614.793874395,3,0
11:0:11 11:0:41 10119 100 17,7.00054718,123.937908535,123.93799454,1994,1994,2160,2160,116.93744736,1,0
11:0:11 11:0:41 10017 100 17,2.000465783,123.707568704,123.707748303,2084,2084,2286,2286,121.70728252,1,0
11:0:11 11:0:41 10184 100 17,7.003844521,493.039061506,493.127278951,1820095,1820540,8835236,8835236,486.12343443,3,0
11:0:11 11:0:41 10145 100 17,7.001294155,185.096085001,185.096393401,502749,502754,467529,467529,178.095099246,2,0
11:0:11 11:0:41 10004 100 17,2.000111396,125.148858716,125.148994118,1692,1692,3768,3768,123.148882722,1,0
11:0:11 11:0:41 10049 100 17,2.001379552,5591.193236358,5591.193347156,448141,448142,33752,33752,5589.191967604,2,0
11:0:11 11:0:41 10027 100 17,2.000716573,121.618278691,121.618350091,1972,1972,2224,2224,119.617633518,1,0
11:0:11 11:0:41 10146 100 17,7.001316154,269.073982665,269.074319264,1368111,1368246,910636,910636,262.07300311,2,0
11:0:11 11:0:41 10022 100 17,2.000591378,107.498024863,107.498180263,4046,4046,5862,5862,105.497588885,1,0
11:0:11 11:0:41 10026 100 17,2.000691374,124.028667954,124.028785552,2083,2083,2299,2299,122.028094178,1,0
11:0:11 11:0:41 10008 100 17,2.000225192,129.24719029,129.24745009,3902,3907,8068,8068,127.247224898,1,0
11:0:11 11:0:41 10024 100 17,2.000641376,118.274721644,118.274980445,2223,2223,4231,4231,116.274339069,1,0
11:0:11 11:0:41 10043 100 17,2.001170758,128.186013144,128.186241945,2052,2052,2227,2227,126.185071187,1,0
11:0:11 11:0:41 10113 100 17,7.000383986,122.589895365,122.590199565,1988,1988,2152,2152,115.589815579,1,0
11:0:11 11:0:41 10139 100 17,7.001130361,118.989270443,118.989325243,3030,3030,4851,4851,111.988194882,1,0
11:0:11 11:0:41 10012 100 17,2.000342988,95.128604033,95.128867033,2299,2299,7688,7688,93.128524045,1,0
11:0:11 11:0:41 10194 100 17,7.004501513,741.938420388,741.950504952,7377291,7377890,20446843,20446843,734.946003439,3,0
11:0:11 11:0:41 10031 100 17,2.000829369,107.608490731,107.608809731,985,985,2547,2547,105.607980362,1,0
11:0:11 11:0:41 10115 100 17,7.000434184,122.377914393,122.378176393,1145,1145,2552,2552,115.377742209,1,0
11:0:11 11:0:41 10162 100 17,7.002215939,935.007236317,935.012335307,22600021,22600584,2146821,2146821,928.010119368,3,0
11:0:11 11:0:41 10132 100 17,7.000945368,123.949999081,123.950190883,1992,1992,2175,2175,116.949245515,1,0
11:0:11 11:0:41 10061 100 17,2.00210134,3905.977556752,3905.97760275,381875426,381876637,266395219,266395219,3903.97550141,3,0
11:0:11 11:0:41 10082 100 17,2.003170923,1327.970725137,1327.972060733,83026125,83027124,108182849,108182849,1325.96888981,3,0
11:0:11 11:0:41 10065 100 17,2.002338936,214.295394639,214.347053048,152662,152804,2290873,2290873,212.344714112,3,0
11:0:11 11:0:41 10142 100 17,7.001205158,133.189850902,133.1901473,2377,2377,2367,2367,126.188942142,1,0
11:0:11 11:0:41 10066 100 17,2.002364135,200.438862746,200.493383968,181929,182069,2269192,2269192,198.491019833,3,0
11:0:11 11:0:41 10091 100 17,2.003711916,503.234624645,503.260624166,1848934,1849372,9418714,9418714,501.25691225,3,0
11:0:11 11:0:41 10029 100 17,2.000766171,117.945288414,117.945471816,2936,2938,5083,5083,115.944705645,1,0
11:0:11 11:0:41 10067 100 17,2.002388934,575.386007799,575.407799935,3195946,3196462,13013569,13013569,573.405411001,3,0
11:0:11 11:0:41 10069 100 17,2.002439132,1331.501050719,1331.501110719,86174399,86175406,109111561,109111561,1329.498671587,3,0
11:0:11 11:0:41 10107 100 17,7.000207992,131.957473189,131.957665391,1181,1181,2557,2557,124.957457399,1,0
11:0:11 11:0:41 10064 100 17,2.002301137,170.514039921,170.514429518,720897,720901,1092205,1092205,168.512128381,3,0
11:0:11 11:0:41 10072 100 17,2.00252853,372.954347082,373.0241831,948620,948956,6413553,6413553,371.02165457,3,0
11:0:11 11:0:41 10153 100 17,7.001571147,248.204816569,248.205172168,597327,597507,338595,338595,241.203601021,2,0
11:0:11 11:0:41 10074 100 17,2.002678729,496.663952797,496.701128909,1819747,1820196,9213437,9213437,494.69845018,3,0
11:0:11 11:0:41 10075 100 17,2.002704128,457.017184592,457.063923448,1494946,1495326,7956574,7956574,455.06121932,3,0
11:0:11 11:0:41 10159 100 17,7.002128342,1333.115045357,1333.115335757,86533219,86534239,109111561,109111561,1326.113207415,3,0
11:0:11 11:0:41 10076 100 17,2.003011327,217.293862376,217.347822182,191097,191229,2397579,2397579,215.344810855,3,0
11:0:11 11:0:41 10160 100 17,7.002165941,553.021043028,553.041493769,2669990,2670477,11486644,11486644,546.039327828,3,0
11:0:11 11:0:41 10138 100 17,7.001100562,128.051287234,128.051597635,1182,1182,1674,1674,121.050497073,1,0
11:0:11 11:0:41 10077 100 17,2.003035927,764.135082076,764.14607364,14779615,14780363,38228287,38228287,762.143037713,3,0
11:0:11 11:0:41 10137 100 17,7.001075363,130.549899297,130.550205496,2250,2250,2288,2288,123.549130133,1,0
11:0:11 11:0:41 10118 100 17,7.000522181,129.01385586,129.013920859,2231,2233,2293,2293,122.013398678,1,0
11:0:11 11:0:41 10078 100 17,2.003062727,230.964753453,231.023341277,303706,303856,2853423,2853423,229.02027855,3,0
11:0:11 11:0:41 10042 100 17,2.001145559,127.548403672,127.548610875,2214,2214,2369,2369,125.547465316,1,0
11:0:11 11:0:41 10084 100 17,2.003225721,2582.91160806,2582.911676458,967032974,967034348,560815259,560815259,2580.908450737,3,0
11:0:11 11:0:41 10121 100 17,7.000597578,123.929668361,123.929740561,1992,1992,2161,2161,116.929142983,1,0
11:0:11 11:0:41 10144 100 17,7.001255956,122.598293527,122.598373726,2012,2012,4574,4574,115.59711777,1,0
11:0:11 11:0:41 10009 100 17,2.000262991,103.45953653,103.459780731,2978,2980,4653,4653,101.45951774,1,0
11:0:11 11:0:41 10085 100 17,2.00326652,463.830007663,463.868568331,1256911,1257295,7628803,7628803,461.865301811,3,0
11:0:11 11:0:41 10086 100 17,2.003291319,534.038128541,534.059122878,9231700,9232216,33912427,33912427,532.055831559,3,0
11:0:11 11:0:41 10087 100 17,2.003318119,876.509706739,876.517901299,18283145,18283938,35995761,35995761,874.51458318,3,0
11:0:11 11:0:41 10088 100 17,2.003620518,1067.300541421,1067.306092608,42788558,42789446,69544937,69544937,1065.30247209,3,0
11:0:11 11:0:41 10034 100 17,2.000930567,83.073561131,83.073861531,1235,1235,4218,4218,81.072930964,1,0
11:0:11 11:0:41 10098 100 17,2.00388751,450.740441197,450.786590624,1418779,1419179,8188364,8188364,448.782703114,3,0
11:0:11 11:0:41 10090 100 17,2.003685717,452.617624204,452.664269063,1332957,1333341,7714714,7714714,450.660583346,3,0
11:0:11 11:0:41 10108 100 17,7.000245791,132.373157615,132.373410015,2376,2376,2362,2362,125.373164224,1,0
11:0:11 11:0:41 10092 100 17,2.003736915,186.694791856,186.754976853,77774,77854,1198573,1198573,184.751239938,3,0
11:0:11 11:0:41 10063 100 17,2.002283738,928.520653661,928.52608024,22127706,22128280,43169564,43169564,926.523796502,3,0
11:0:11 11:0:41 10093 100 17,2.003761714,274.523008074,274.629047953,310577,310762,3335902,3335902,272.625286239,3,0
11:0:11 11:0:41 10101 100 17,7.000045598,75.801509796,75.801821195,1248,1248,3238,3238,68.801775597,1,0
11:0:11 11:0:41 10109 100 17,7.00027079,123.937883736,123.937969741,1994,1994,2151,2151,116.937698951,1,0
11:0:11 11:0:41 10058 100 17,2.002028743,358.848579308,358.990714008,679108,679396,5245604,5245604,356.988685265,3,0
11:0:11 11:0:41 10096 100 17,2.003838312,783.52581706,783.536334624,12266419,12267073,30511896,30511896,781.532496312,3,0
11:0:11 11:0:41 10097 100 17,2.003862711,236.619620436,236.679992226,181985,182138,2542913,2542913,234.676129515,3,0
11:0:11 11:0:41 10099 100 17,2.003912909,531.512275206,531.535443937,2194091,2194546,10364472,10364472,529.531531028,3,0
11:0:11 11:0:41 10068 100 17,2.002414333,454.094900257,454.134456318,1452234,1452638,8214948,8214948,452.132041985,3,0
11:0:11 11:0:41 10116 100 17,7.000471983,130.38250853,130.38283073,2246,2246,2293,2293,123.382358747,1,0
11:0:11 11:0:41 10100 100 17,7.000020799,122.527898273,122.528199673,1988,1988,2163,2163,115.528178874,1,0
11:0:11 11:0:41 10020 100 17,2.00054058,124.022734376,124.022963177,2074,2074,2281,2281,122.022422597,1,0
11:0:11 11:0:41 10111 100 17,7.000333788,126.763090156,126.763309957,2126,2127,2227,2227,119.762976169,1,0
11:0:11 11:0:41 10112 100 17,7.000358987,132.563996533,132.564212932,2379,2379,2371,2371,125.563853945,1,0
11:0:11 11:0:41 10114 100 17,7.000409385,94.275583779,94.36626763,3845,3847,6808,6808,87.365858245,1,0
11:0:11 11:0:41 10060 100 17,2.002078941,4225.452994916,4225.453038514,382664014,382665178,266405262,266405262,4223.450959573,3,0
11:0:11 11:0:41 10120 100 17,7.000572579,129.019354423,129.019517418,2243,2243,2283,2283,122.018944839,1,0
11:0:11 11:0:41 10036 100 17,2.000978965,112.968082295,112.968140494,2741,2741,5165,5165,110.967161529,1,0
11:0:11 11:0:41 10122 100 17,7.000622377,128.656610024,128.656844826,2232,2234,2302,2302,121.656222449,1,0
11:0:11 11:0:41 10180 100 17,7.003723324,491.8554212,491.855654002,5650675,5650728,2171127,2171127,484.851930678,3,0
11:0:11 11:0:41 10070 100 17,2.002476731,659.098399045,659.110110197,5558808,5559235,18110197,18110197,657.107633466,3,0
11:0:11 11:0:41 10123 100 17,7.000647776,113.201422969,113.201478368,5557,5557,8155,8155,106.200830592,1,0
11:0:11 11:0:41 10117 100 17,7.000497182,80.246693753,80.246749153,1371,1371,3607,3607,73.246251971,1,0
11:0:11 11:0:41 10124 100 17,7.000672175,118.833683279,118.833985879,4164,4164,6036,6036,111.833313704,1,0
11:0:11 11:0:41 10164 100 17,7.002258137,243.837509789,243.891659609,191670,191809,2376876,2376876,236.889401472,3,0
11:0:11 11:0:41 10125 100 17,7.000734374,102.103547817,102.103623617,1982,1982,5220,5220,95.102889243,1,0
11:0:21 11:0:41 10198 100 17,7.00388751,456.84488034,456.887824407,1470010,1470421,8188364,8188364,449.883936897,3,0
11:0:21 11:0:41 10195 100 17,7.003813513,220.080947707,220.135449919,136407,136542,2041051,2041051,213.131636406,3,0
11:0:21 11:0:41 10194 100 17,7.003786713,4055.985191413,4055.985247013,32653259,32653274,1249560,1249560,4048.9814603,3,0
11:0:21 11:0:41 10193 100 17,7.003761714,280.14995116,280.195227585,328347,328544,3335902,3335902,273.191465871,3,0
11:0:21 11:0:41 10185 100 17,7.00326652,473.441812332,473.540818515,1322985,1323368,7628803,7628803,466.537551995,3,0
11:0:21 11:0:41 10183 100 17,7.003200522,476.232136552,476.287721037,1602065,1602480,8572285,8572285,469.284520515,3,0
11:0:21 11:0:41 10182 100 17,7.003170923,1327.809496568,1327.810441567,82325405,82326397,108182849,108182849,1320.807270644,3,0
11:0:21 11:0:41 10177 100 17,7.003035927,765.926345863,765.936127225,18131722,18132466,38228287,38228287,758.933091298,3,0
11:0:21 11:0:41 10176 100 17,7.003011327,223.507163293,223.582031679,202956,203099,2397579,2397579,216.579020352,3,0
11:0:21 11:0:41 10175 100 17,7.002704128,457.42189696,457.474157412,1501720,1502094,7956574,7956574,450.471453284,3,0
11:0:21 11:0:41 10174 100 17,7.002678729,500.762240213,500.825262869,1855034,1855470,9213437,9213437,493.82258414,3,0
11:0:21 11:0:41 10171 100 17,7.002503531,266.728795702,266.788307948,320383,320571,3367597,3367597,259.785804417,3,0
11:0:21 11:0:41 10199 100 17,7.003912909,532.950720143,532.974054678,2212106,2212556,10364472,10364472,525.970141769,3,0
11:0:21 11:0:41 10167 100 17,7.002388934,580.751333937,580.770682683,3278375,3278880,13013569,13013569,573.768293749,3,0
11:0:21 11:0:41 10166 100 17,7.002364135,205.753452795,205.823287356,192360,192496,2269192,2269192,198.820923221,3,0
11:0:21 11:0:41 10165 100 17,7.002338936,222.841966059,222.91728704,167740,167884,2290873,2290873,215.914948104,3,0
11:0:21 11:0:41 10163 100 17,7.002283738,929.755178611,929.760451589,22200133,22200707,43169564,43169564,922.758167851,3,0
11:0:21 11:0:41 10162 100 17,7.002123739,1324.017198659,1324.017543455,113263425,113264682,108307685,108307685,1317.015419716,3,0
11:0:21 11:0:41 10161 100 17,7.00210134,3906.016524971,3906.016570969,382008851,382010025,266395219,266395219,3899.014469629,3,0
11:0:21 11:0:41 10159 100 17,7.002053542,460.015093353,460.050822635,1395494,1395867,7664552,7664552,453.048769093,3,0
11:0:21 11:0:41 10158 100 17,7.002028743,363.962066486,364.027326316,699192,699474,5245604,5245604,357.025297573,3,0
11:0:21 11:0:41 10157 100 17,7.002003344,441.389374015,441.437995039,1316228,1316601,7499605,7499605,434.435991695,3,0
11:0:21 11:0:41 10155 100 17,7.001671146,331.152442577,331.209250574,575557,575797,4746948,4746948,324.207579428,3,0
11:0:21 11:0:41 10154 100 17,7.001631147,227.162490602,227.162866402,1081990,1082099,957171,957171,220.161235255,2,0
11:0:21 11:0:41 10190 100 17,7.003685717,462.472064692,462.517763744,1403724,1404095,7714714,7714714,455.514078027,3,0
11:0:21 11:0:41 10152 100 17,7.001529749,136.804393406,136.804678405,166121,166129,315980,315980,129.803148656,2,0
11:0:21 11:0:41 10150 100 17,7.001431551,162.160495314,162.160832714,330218,330220,796274,796274,155.159401163,2,0
11:0:21 11:0:41 10147 100 17,7.001272954,188.52678633,188.527210529,382203,382273,726717,726717,181.525937575,2,0
11:0:21 11:0:41 10146 100 17,7.001248755,137.215577112,137.215913108,267644,267647,302860,302860,130.214664353,2,0
11:0:21 11:0:41 10143 100 17,7.001170758,133.199254857,133.199309856,2207,2207,2227,2227,126.198139098,1,0
11:0:21 11:0:41 10142 100 17,7.001145559,132.57200529,132.572285889,2382,2382,2369,2369,125.57114033,1,0
11:0:21 11:0:41 10197 100 17,7.003862711,245.611032413,245.671207606,200816,200974,2542913,2542913,238.667344895,3,0
11:0:21 11:0:41 10160 100 17,7.002078941,4225.493857679,4225.493901277,382791764,382792928,266405262,266405262,4218.491822336,3,0
11:0:21 11:0:41 10141 100 17,7.00111576,132.011566124,132.011915724,4080,4080,5580,5580,125.010799964,1,0
11:0:21 11:0:41 10139 100 17,7.001052562,122.578949232,122.579091632,1266,1266,2685,2685,115.57803907,1,0
11:0:21 11:0:41 10138 100 17,7.001029563,102.551620527,102.551943328,2553,2553,3952,3952,95.550913765,1,0
11:0:21 11:0:41 10136 100 17,7.000978965,117.99094463,117.991217029,2976,2976,5165,5165,110.990238064,1,0
11:0:21 11:0:41 10134 100 17,7.000930567,88.061432689,88.06169349,1370,1370,4218,4218,81.060762923,1,0
11:0:21 11:0:41 10132 100 17,7.000867369,130.524149845,130.524367443,2249,2249,2291,2291,123.523500074,1,0
11:0:21 11:0:41 10130 100 17,7.00079097,131.814100502,131.814224502,1915,1915,3901,3901,124.813433532,1,0
11:0:21 11:0:41 10129 100 17,7.000766171,122.929271284,122.929343885,3186,3186,5083,5083,115.928577714,1,0
11:0:21 11:0:41 10127 100 17,7.000716573,126.634287834,126.634431834,2127,2127,2224,2224,119.633715261,1,0
11:0:21 11:0:41 10057 100 17,2.001969946,212.764676868,212.838582441,142241,142342,1584403,1584403,210.836612495,3,0
11:0:21 11:0:41 10170 100 17,7.002476731,656.970538133,656.98183109,5558764,5559178,18110197,18110197,649.979354359,3,0
11:0:21 11:0:41 10052 100 17,2.001531151,151.151156736,151.151413537,587175,587178,966438,966438,149.149882386,2,0
11:0:21 11:0:41 10009 100 17,2.000241591,123.768021253,123.768187853,2079,2079,2293,2293,121.767946262,1,0
11:0:21 11:0:41 10186 100 17,7.003291319,547.13872922,547.159642961,9470625,9471146,33912427,33912427,540.156351642,3,0
11:0:21 11:0:41 10061 100 17,2.002643942,448.260983779,448.303284831,1281699,1282063,7556197,7556197,446.300640889,3,0
11:0:21 11:0:41 10048 100 17,2.001387354,2439.135619545,2439.135903523,100121,100121,10824,10824,2437.134516169,2,0
11:0:21 11:0:41 10046 100 17,2.001329156,150.828373819,150.828575217,588325,588330,934044,934044,148.827246061,2,0
11:0:21 11:0:41 10013 100 17,2.000354987,117.527186748,117.527527548,1113,1113,2554,2554,115.527172561,1,0
11:0:21 11:0:41 10043 100 17,2.001219958,123.113150298,123.113469499,1351,1351,3229,3229,121.112249541,1,0
11:0:21 11:0:41 10095 100 17,2.005707712,455.643391202,455.695465042,1452286,1452686,8147494,8147494,453.68975733,3,0
11:0:21 11:0:41 10140 100 17,7.001090761,130.349222115,130.349310314,2246,2246,2287,2287,123.348219553,1,0
11:0:21 11:0:41 10026 100 17,2.000745574,75.370806393,75.371151392,1082,1082,2214,2214,73.370405818,1,0
11:0:21 11:0:41 10042 100 17,2.001195159,118.951525805,118.951723208,1845,1845,2153,2153,116.950528049,1,0
11:0:21 11:0:41 10033 100 17,2.000956768,111.689021207,111.689094007,1677,1677,2786,2786,109.688137239,1,0
11:0:21 11:0:41 10029 100 17,2.000844572,121.614686707,121.615040905,1972,1972,2221,2221,119.614196333,1,0
11:0:21 11:0:41 10059 100 17,2.002314744,4098.838606045,4098.838649643,352503175,352504191,98875818,98875818,4096.836334899,3,0
11:0:21 11:0:41 10012 100 17,2.000316588,112.966703106,112.966947307,1386,1386,3362,3362,110.966630719,1,0
11:0:21 11:0:41 10075 100 17,2.00384053,652.022884989,652.03583395,6069539,6070165,19960647,19960647,650.03199342,3,0
11:0:21 11:0:41 10031 100 17,2.00089417,123.706714105,123.706931706,2084,2084,2293,2293,121.706037536,1,0
11:0:21 11:0:41 10010 100 17,2.00026659,128.232671745,128.232731345,2212,2212,2360,2360,126.232464755,1,0
11:0:21 11:0:41 10135 100 17,7.000953566,129.004376899,129.004465298,2238,2238,2290,2290,122.003511732,1,0
11:0:21 11:0:41 10002 100 17,2.000063198,97.257689883,97.257987684,1679,1679,2408,2408,95.257924486,1,0
11:0:21 11:0:41 10035 100 17,2.001006966,121.65537089,121.65547729,1972,1972,2226,2226,119.654470324,1,0
11:0:21 11:0:41 10120 100 17,7.00054058,129.041856302,129.042125302,2237,2239,2281,2281,122.041584722,1,0
11:0:21 11:0:41 10051 100 17,2.001504351,5871.389085817,5871.389141417,4054899,4054899,104364,104364,5869.387637066,2,0
11:0:21 11:0:41 10049 100 17,2.001424953,9.106127814,9.107838805,300,301,10000,10000,7.106413852,2,0
11:0:21 11:0:41 10060 100 17,2.002337143,583.781151046,583.800539387,3141659,3142166,13603225,13603225,581.798202244,3,0
11:0:21 11:0:41 10081 100 17,2.004309324,325.274484548,325.27455395,2398127,2398168,1929210,1929210,323.270244626,3,0
11:0:21 11:0:41 10056 100 17,2.001753947,606.506460302,606.524981848,3656998,3657534,14439205,14439205,604.523227901,3,0
11:0:21 11:0:41 10011 100 17,2.000291589,123.706688906,123.706906307,2084,2084,2300,2300,121.706614718,1,0
11:0:21 11:0:41 10041 100 17,2.00117036,106.203310403,106.203574404,1763,1763,3290,3290,104.202404044,1,0
11:0:21 11:0:41 10006 100 17,2.000166194,121.79863197,121.798809971,1972,1972,2228,2228,119.798643777,1,0
11:0:21 11:0:41 10015 100 17,2.000431385,124.089850513,124.090075313,2082,2083,2290,2290,122.089643928,1,0
11:0:21 11:0:41 10039 100 17,2.001107162,128.232697144,128.232756344,2212,2212,2366,2366,126.231649182,1,0
11:0:21 11:0:41 10088 100 17,2.004722318,561.166204668,561.186450409,2750515,2751018,11882600,11882600,559.181728091,3,0
11:0:21 11:0:41 10005 100 17,2.000140995,128.193348312,128.193692112,2212,2212,2377,2377,126.193551117,1,0
11:0:21 11:0:41 10188 100 17,7.003620518,1071.061776116,1071.066442304,43082566,43083448,69544937,69544937,1064.062821786,3,0
11:0:21 11:0:41 10151 100 17,7.00149455,145.76531708,145.76566788,34749,34749,47544,47544,138.76417333,2,0
11:0:21 11:0:41 10040 100 17,2.001132561,120.592811421,120.593130222,1119,1122,3092,3092,118.591997661,1,0
11:0:21 11:0:41 10068 100 17,2.003624336,802.265834852,802.274937018,12336849,12337302,27361059,27361059,800.271312682,3,0
11:0:21 11:0:41 10004 100 17,2.000111196,113.543344734,113.543655734,1627,1627,2511,2511,111.543544538,1,0
11:0:21 11:0:41 10003 100 17,2.000086197,101.265464025,101.265744825,2831,2831,4966,4966,99.265658628,1,0
11:0:21 11:0:41 10164 100 17,7.002301137,519.885750911,519.912675431,2475864,2476373,1092205,1092205,512.910374294,3,0
11:0:21 11:0:41 10054 100 17,2.001677949,9.140770683,9.141363882,302,303,10000,10000,7.139685933,2,0
11:0:21 11:0:41 10107 100 17,7.000199993,109.346743527,109.346939929,1491,1491,2874,2874,102.346739936,1,0
11:0:21 11:0:41 10014 100 17,2.000393186,122.373688614,122.373985212,1894,1894,4303,4303,120.373592026,1,0
11:0:21 11:0:41 10038 100 17,2.001082163,107.27642434,107.27649094,1657,1657,2484,2484,105.275408777,1,0
11:0:21 11:0:41 10036 100 17,2.001031765,124.017997599,124.01807,2078,2078,2293,2293,122.017038235,1,0
11:0:21 11:0:41 10030 100 17,2.000869371,117.549410646,117.549527243,1838,1838,2160,2160,115.548657872,1,0
11:0:21 11:0:41 10078 100 17,2.003931727,548.122569463,548.140992804,2729218,2729741,10849042,10849042,546.137061077,3,0
11:0:21 11:0:41 10017 100 17,2.000479183,116.340916828,116.341174029,2591,2591,4217,4217,114.340694846,1,0
11:0:21 11:0:41 10064 100 17,2.00300094,737.991425049,738.00264241,2777659,2778167,11385553,11385553,735.99964147,3,0
11:0:21 11:0:41 10058 100 17,2.002277145,1057.859501132,1057.864390916,41045506,41046337,68646625,68646625,1055.862113771,3,0
11:0:21 11:0:41 10023 100 17,2.000655977,125.87376906,125.87385106,2998,2998,6327,6327,123.873195083,1,0
11:0:21 11:0:41 10169 100 17,7.002439132,1333.043157253,1333.043217253,86469413,86470438,109111561,109111561,1326.040778121,3,0
11:0:21 11:0:41 10115 100 17,7.000415785,130.545727916,130.545957117,2250,2250,2293,2293,123.545541332,1,0
11:0:21 11:0:41 10008 100 17,2.000216392,101.601522876,101.601851076,4153,4156,6239,6239,99.601634684,1,0
11:0:21 11:0:41 10018 100 17,2.000504582,118.951501006,118.951697809,1845,1845,2150,2150,116.951193227,1,0
11:0:21 11:0:41 10024 100 17,2.000693776,91.967099921,91.967428521,1957,1957,4725,4725,89.966734745,1,0
11:0:21 11:0:41 10080 100 17,2.004284925,399.77982709,399.832614476,1102871,1103210,6895519,6895519,397.828329551,3,0
11:0:21 11:0:41 10044 100 17,2.001257958,124.809617962,124.809859764,1428,1428,3224,3224,122.808601806,1,0
11:0:21 11:0:41 10047 100 17,2.001365355,147.14653395,147.14682635,512939,512942,535563,535563,145.145460995,2,0
11:0:21 11:0:41 10137 100 17,7.001004364,123.958223649,123.958448449,1995,1995,2148,2148,116.957444085,1,0
11:0:21 11:0:41 10106 100 17,7.000174594,133.228552524,133.228796323,2083,2083,2154,2154,126.228621729,1,0
11:0:21 11:0:41 10067 100 17,2.003317537,623.647184918,623.663410466,4040545,4041092,15400202,15400202,621.660092929,3,0
11:0:21 11:0:41 10020 100 17,2.00055418,125.371877288,125.372105889,2086,2086,2288,2288,123.371551709,1,0
11:0:21 11:0:41 10074 100 17,2.003815131,583.912844439,583.931894377,3057271,3057769,12771213,12771213,581.928079246,3,0
11:0:21 11:0:41 10053 100 17,2.00157275,130.181874363,130.18212956,179254,179256,910508,910508,128.18055681,2,0
11:0:21 11:0:41 10184 100 17,7.003225721,2583.00709235,2583.007160748,967775599,967776959,560815259,560815259,2576.003935027,3,0
11:0:21 11:0:41 10037 100 17,2.001056964,125.364504708,125.364758308,2086,2086,2297,2297,123.363701344,1,0
11:0:21 11:0:41 10021 100 17,2.000579579,117.532012725,117.532218923,1159,1161,3096,3096,115.531639344,1,0
11:0:21 11:0:41 10181 100 17,7.003150124,900.273018127,900.279474693,22097398,22098228,50210772,50210772,893.276324569,3,0
11:0:21 11:0:41 10148 100 17,7.001324753,138.950532982,138.950785782,489164,489170,804459,804459,131.949461029,2,0
11:0:21 11:0:41 10070 100 17,2.003699135,941.525741312,941.53054628,22479681,22480247,43169845,43169845,939.526847145,3,0
11:0:21 11:0:41 10172 100 17,7.00252853,372.910343208,372.97147084,948681,949004,6413553,6413553,365.96894231,3,0
11:0:21 11:0:41 10098 100 17,2.005796309,900.101288837,900.108908996,1752499,1752638,1259428,1259428,898.103112687,3,0
11:0:21 11:0:41 10144 100 17,7.001195957,132.406046248,132.406352648,2376,2376,2367,2367,125.405156691,1,0
11:0:21 11:0:41 10025 100 17,2.000718575,94.785504408,94.78562081,3968,3968,6388,6388,92.784902235,1,0
11:0:21 11:0:41 10027 100 17,2.000768173,118.711537817,118.711753417,1335,1335,2823,2823,116.710985244,1,0
11:0:21 11:0:41 10000 100 17,2,123.699253356,123.699424355,2084,2084,2290,2290,121.699424355,1,0
11:0:21 11:0:41 10028 100 17,2.000806173,128.665257986,128.665417187,2204,2206,5106,5106,126.664611014,1,0
11:0:21 11:0:41 10007 100 17,2.000191593,107.365442286,107.443643342,7216,7216,8067,8067,105.443451749,1,0
11:0:21 11:0:41 10062 100 17,2.002950542,261.59880431,261.645061357,307675,307856,3288623,3288623,259.642110815,3,0
11:0:21 11:0:41 10065 100 17,2.003047139,221.129978659,221.21497832,190789,190918,2429431,2429431,219.211931181,3,0
11:0:21 11:0:41 10191 100 17,7.003711916,506.739654892,506.767983207,1898778,1899214,9418714,9418714,499.764271291,3,0
11:0:21 11:0:41 10032 100 17,2.000918969,125.628136753,125.628425147,1053,1053,2551,2551,123.627506178,1,0
11:0:21 11:0:41 10119 100 17,7.000515781,122.547028577,122.547234179,1988,1988,2153,2153,115.546718398,1,0
11:0:21 11:0:41 10066 100 17,2.003292338,159.528694458,159.598846595,103605,103710,1634860,1634860,157.595554257,3,0
11:0:21 11:0:41 10180 100 17,7.003126925,675.866395797,675.878330353,4358341,4358787,14993812,14993812,668.875203428,3,0
11:0:21 11:0:41 10179 100 17,7.003087726,306.519291102,306.519497502,2054989,2055227,8662542,8662542,299.516409776,3,0
11:0:21 11:0:41 10055 100 17,2.001729148,524.407359898,524.429919627,2132270,2132729,10225392,10225392,522.428190479,3,0
11:0:21 11:0:41 10123 100 17,7.000616177,123.956326855,123.956496058,1995,1995,2150,2150,116.955879881,1,0
11:0:21 11:0:41 10069 100 17,2.003672335,492.158988637,492.202633144,4354361,4354827,18497733,18497733,490.198960809,3,0
11:0:21 11:0:41 10145 100 17,7.001221156,148.843048117,148.843129917,319351,319355,401905,401905,141.841908761,2,0
11:0:21 11:0:41 10117 100 17,7.000465783,128.694193665,128.694252467,2244,2244,2286,2286,121.693786684,1,0
11:0:21 11:0:41 10063 100 17,2.002975541,210.065006199,210.128007373,145387,145500,1948313,1948313,208.125031832,3,0
11:0:21 11:0:41 10092 100 17,2.005396115,354.071601955,354.182852922,868214,868528,6222453,6222453,352.177456807,3,0
11:0:21 11:0:41 10178 100 17,7.003062727,238.745725009,238.839458737,319031,319185,2853423,2853423,231.83639601,3,0
11:0:21 11:0:41 10045 100 17,2.001296157,130.269889492,130.270016494,229345,229351,352567,352567,128.268720337,2,0
11:0:21 11:0:41 10103 100 17,7.000088397,134.677796604,134.678097203,3019,3019,7982,7982,127.678008806,1,0
11:0:21 11:0:41 10071 100 17,2.003721334,3787.128522486,3787.128568484,352456087,352457102,98864087,98864087,3785.12484715,3,0
11:0:21 11:0:41 10189 100 17,7.003658917,647.037466879,647.052603626,11833307,11833924,28339067,28339067,640.048944709,3,0
11:0:21 11:0:41 10050 100 17,2.001476152,134.198577765,134.198804364,455292,455294,866873,866873,132.197328212,2,0
11:0:21 11:0:41 10072 100 17,2.003743733,435.785691112,435.827684579,1266474,1266860,7665167,7665167,433.823940846,3,0
11:0:21 11:0:41 10001 100 17,2.000024999,126.750708,126.750818401,1248,1248,2823,2823,124.750793402,1,0
11:0:21 11:0:41 10099 100 17,2.005842908,597.00601932,597.024864872,3417982,3418503,13426875,13426875,595.019021964,3,0
11:0:21 11:0:41 10076 100 17,2.003888529,940.395599618,940.401336797,22480814,22481365,2147179,2147179,938.397448268,3,0
11:0:21 11:0:41 10104 100 17,7.000111396,130.193278102,130.193529504,1827,1827,3768,3768,123.193418108,1,0
11:0:21 11:0:41 10173 100 17,7.002553329,601.356640232,601.374476782,3437895,3438418,13485036,13485036,594.371923453,3,0
11:0:21 11:0:41 10133 100 17,7.000892768,127.97169537,127.971871171,1581,1581,3355,3355,120.970978403,1,0
11:0:21 11:0:41 10077 100 17,2.003910928,885.599170123,885.605412083,36242959,36243780,43616021,43616021,883.601501155,3,0
11:0:21 11:0:41 10112 100 17,7.000342988,101.898086747,101.898357345,2798,2801,7688,7688,94.898014357,1,0
11:0:21 11:0:41 10034 100 17,2.000981967,85.135393422,85.135602824,2273,2273,4756,4756,83.134620857,1,0
11:0:21 11:0:41 10079 100 17,2.003977926,485.66790442,485.714040688,1625924,1626340,8794960,8794960,483.710062762,3,0
11:0:21 11:0:41 10096 100 17,2.005732511,485.874056454,485.874562054,5521034,5521082,2171127,2171127,483.868829543,3,0
11:0:21 11:0:41 10016 100 17,2.000456184,75.305042744,75.305165745,1512,1512,3600,3600,73.304709561,1,0
11:0:21 11:0:41 10084 100 17,2.004616122,497.808158693,497.808424694,5661305,5661363,3083719,3083719,495.803808572,3,0
11:0:21 11:0:41 10153 100 17,7.001558148,180.761933372,180.762217572,55347,55347,289758,289758,173.760659424,2,0
11:0:21 11:0:41 10089 100 17,2.005029317,127.76515425,127.76565825,579307,579425,6925624,6925624,125.760628933,3,0
11:0:21 11:0:41 10019 100 17,2.000529381,128.261945048,128.262004249,2212,2212,2371,2371,126.261474868,1,0
11:0:21 11:0:41 10086 100 17,2.00467192,480.225859007,480.27231447,1716554,1716980,8974479,8974479,478.26764255,3,0
11:0:21 11:0:41 10087 100 17,2.004697119,564.255264451,564.275901788,2851910,2852417,12022846,12022846,562.271204669,3,0
11:0:21 11:0:41 10118 100 17,7.000490782,123.95819885,123.95842325,1995,1995,2153,2153,116.957932468,1,0
11:0:21 11:0:41 10156 100 17,7.001978345,404.579540682,404.698737645,1118577,1118934,6966217,6966217,397.6967593,3,0
11:0:21 11:0:41 10090 100 17,2.005056117,1800.171100625,1800.171673423,323495837,323497020,246506001,246506001,1798.166617306,3,0
11:0:21 11:0:41 10168 100 17,7.002414333,461.542714098,461.577654984,1510064,1510461,8214948,8214948,454.575240651,3,0
11:0:21 11:0:41 10105 100 17,7.000149595,129.987130502,129.987309504,2249,2249,2300,2300,122.987159909,1,0
11:0:21 11:0:41 10085 100 17,2.004645721,620.674624355,620.692623704,3860142,3860688,14808320,14808320,618.687977983,3,0
11:0:21 11:0:41 10091 100 17,2.005093716,193.948664516,194.010185302,170824,170964,2229754,2229754,192.005091586,3,0
11:0:21 11:0:41 10149 100 17,7.001379552,5596.245345138,5596.245455936,448937,448937,33752,33752,5589.244076384,2,0
11:0:21 11:0:41 10082 100 17,2.004347723,98.913440573,99.009219217,86393,86436,1154827,1154827,97.004871494,3,0
11:0:21 11:0:41 10093 100 17,2.005420914,707.768321767,707.78006572,8373801,8374465,20970676,20970676,705.774644806,3,0
11:0:21 11:0:41 10187 100 17,7.003318119,878.454596317,878.462643286,18416736,18417530,35995761,35995761,871.459325167,3,0
11:0:21 11:0:41 10094 100 17,2.005462713,823.074880828,823.084555395,18354348,18355071,41473723,41473723,821.079092682,3,0
11:0:21 11:0:41 10116 100 17,7.000440784,129.07780493,129.078134327,2234,2236,2293,2293,122.077693543,1,0
11:0:21 11:0:41 10097 100 17,2.00577091,259.730668363,259.78066898,379953,380153,3594153,3594153,257.77489807,3,0
11:0:21 11:0:41 10100 100 17,7,123.380224297,123.380459897,1986,1986,2149,2149,116.380459897,1,0
11:0:21 11:0:41 10101 100 17,7.000025399,133.25540939,133.332690241,6162,6165,7993,7993,126.332664842,1,0
11:0:21 11:0:41 10114 100 17,7.000391386,103.355931352,103.356136953,4154,4154,6821,6821,96.355745567,1,0
11:0:21 11:0:41 10102 100 17,7.000050598,122.558095924,122.558375326,1149,1149,2555,2555,115.558324728,1,0
11:0:21 11:0:41 10196 100 17,7.003838312,784.654555628,784.664458793,12324543,12325195,30511896,30511896,777.660620481,3,0
11:0:21 11:0:41 10083 100 17,2.004368522,831.0100102,831.019013175,18792877,18793627,41544715,41544715,829.014644653,3,0
11:0:21 11:0:41 10108 100 17,7.000225192,132.238597057,132.238914057,4091,4091,8068,8068,125.238688865,1,0
11:0:21 11:0:41 10109 100 17,7.000262991,107.787906818,107.788007418,3207,3207,4653,4653,100.787744427,1,0
11:0:21 11:0:41 10073 100 17,2.003768932,681.165700834,681.179080392,6955580,6956196,19550908,19550908,679.17531146,3,0
11:0:21 11:0:41 10111 100 17,7.000313189,133.719061519,133.719372319,2395,2399,3534,3534,126.71905913,1,0
11:0:21 11:0:41 10192 100 17,7.003736915,189.350776638,189.411192816,81082,81155,1198573,1198573,182.407455901,3,0
11:0:21 11:0:41 10128 100 17,7.000741372,130.685832828,130.685894626,2240,2240,2290,2290,123.685153254,1,0
11:0:21 11:0:41 10110 100 17,7.00028839,126.460359878,126.460627879,2107,2107,2215,2215,119.460339489,1,0
11:0:21 11:0:41 10113 100 17,7.000365987,123.958173651,123.958398451,1995,1995,2150,2150,116.958032464,1,0
11:0:21 11:0:41 10121 100 17,7.000565979,126.472966018,126.473267816,2109,2109,2228,2228,119.472701837,1,0
11:0:21 11:0:41 10022 100 17,2.000617778,120.173529261,120.173614662,2899,2900,7132,7132,118.172996884,1,0
11:0:21 11:0:41 10122 100 17,7.000591378,112.539653594,112.539922592,4357,4357,5862,5862,105.539331214,1,0
11:0:21 11:0:41 10131 100 17,7.000829369,112.612382237,112.612701038,1075,1075,2547,2547,105.611871669,1,0
11:0:21 11:0:41 10124 100 17,7.000641376,123.296882878,123.297181678,2443,2443,4231,4231,116.296540302,1,0
11:0:21 11:0:41 10125 100 17,7.000666575,126.617335094,126.617641094,2127,2127,2223,2223,119.616974519,1,0
11:0:21 11:0:41 10126 100 17,7.000691374,129.041881301,129.042150101,2243,2243,2299,2299,122.041458727,1,0
11:0:31 11:0:41 10194 100 17,7.005893994,822.72401657,822.733888937,18325318,18326038,41473723,41473723,815.727994943,3,0
11:0:31 11:0:41 10193 100 17,7.005852195,711.294398794,711.305489959,8533052,8533707,20970676,20970676,704.299637764,3,0
11:0:31 11:0:41 10191 100 17,7.005524997,200.522775673,200.57998189,180002,180142,2229754,2229754,193.574456893,3,0
11:0:31 11:0:41 10189 100 17,7.005460598,121.132052877,121.132549479,581906,582009,6925624,6925624,114.127088881,3,0
11:0:31 11:0:41 10188 100 17,7.005153599,564.825900048,564.844994392,2811583,2812071,11882600,11882600,557.839840793,3,0
11:0:31 11:0:41 10186 100 17,7.005103201,485.184872971,485.229895449,1758341,1758760,8974479,8974479,478.224792248,3,0
11:0:31 11:0:41 10185 100 17,7.005077002,625.622878862,625.637983217,3987512,3988059,14808320,14808320,618.632906215,3,0
11:0:31 11:0:41 10183 100 17,7.004799803,830.398126303,830.405503077,18792242,18792973,41544715,41544715,823.400703274,3,0
11:0:31 11:0:41 10197 100 17,7.006202191,264.603485769,264.660701589,391439,391637,3594153,3594153,257.654499398,3,0
11:0:31 11:0:41 10182 100 17,7.004779004,101.564282226,101.647001279,91688,91727,1154827,1154827,94.642222275,3,0
11:0:31 11:0:41 10181 100 17,7.004740605,331.694322406,331.694500007,2507255,2507297,1929210,1929210,324.689759402,3,0
11:0:31 11:0:41 10180 100 17,7.004716206,404.336375581,404.447964768,1126197,1126546,6895519,6895519,397.443248562,3,0
11:0:31 11:0:41 10179 100 17,7.004409207,490.482344267,490.540447934,1661326,1661737,8794960,8794960,483.536038727,3,0
11:0:31 11:0:41 10178 100 17,7.004363008,551.402827423,551.422445764,2809565,2810086,10849042,10849042,544.418082756,3,0
11:0:31 11:0:41 10177 100 17,7.004342209,885.844995783,885.852896547,35816082,35816901,43616021,43616021,878.848554338,3,0
11:0:31 11:0:41 10174 100 17,7.004246412,588.216864675,588.236154612,3144948,3145449,12771213,12771213,581.2319082,3,0
11:0:31 11:0:41 10173 100 17,7.004200213,683.983008033,683.99585639,7078396,7079021,19550908,19550908,676.991656177,3,0
11:0:31 11:0:41 10172 100 17,7.004175014,442.592360879,442.645534743,1313065,1313446,7665167,7665167,435.641359729,3,0
11:0:31 11:0:41 10169 100 17,7.004103616,500.006544376,500.062765037,6590364,6590830,18497733,18497733,493.058661421,3,0
11:0:31 11:0:41 10168 100 17,7.004055617,806.039294142,806.048174509,12467305,12467762,27361059,27361059,799.044118892,3,0
11:0:31 11:0:41 10166 100 17,7.003723619,163.195355529,163.274466399,108585,108692,1634860,1634860,156.27074278,3,0
11:0:31 11:0:41 10171 100 17,7.004152615,3780.189349493,3780.189395491,352144488,352145491,98864087,98864087,3773.185242876,3,0
11:0:31 11:0:41 10165 100 17,7.00347842,225.134977808,225.186828602,199148,199289,2429431,2429431,218.183350182,3,0
11:0:31 11:0:41 10161 100 17,7.003075223,453.726208786,453.792647787,1317538,1317919,7556197,7556197,446.789572564,3,0
11:0:31 11:0:41 10160 100 17,7.002768424,587.727125498,587.746522043,3192571,3193075,13603225,13603225,580.743753619,3,0
11:0:31 11:0:41 10158 100 17,7.002708426,1057.37139514,1057.377098926,41077383,41078233,68646625,68646625,1050.3743905,3,0
11:0:31 11:0:41 10162 100 17,7.003381823,269.347889938,269.409144926,328754,328940,3288623,3288623,262.405763103,3,0
11:0:31 11:0:41 10156 100 17,7.002185228,612.841292273,612.858686222,3785266,3785795,14439205,14439205,605.856500994,3,0
11:0:31 11:0:41 10196 100 17,7.006163792,491.40786814,491.408089342,5653089,5653139,2171127,2171127,484.40192555,3,0
11:0:31 11:0:41 10155 100 17,7.002160429,526.943356188,526.969077915,2170401,2170855,10225392,10225392,519.966917486,3,0
11:0:31 11:0:41 10154 100 17,7.00210923,15.226184384,15.226436987,586,589,10000,10000,8.224327757,2,0
11:0:31 11:0:41 10199 100 17,7.006274189,596.358651472,596.374223227,3403068,3403586,13426875,13426875,589.367949038,3,0
11:0:31 11:0:41 10170 100 17,7.004130416,942.650654388,942.656312374,22552496,22553037,43169845,43169845,935.652181958,3,0
11:0:31 11:0:41 10148 100 17,7.001818635,2444.136094427,2444.136171625,100526,100526,10824,10824,2437.13435299,2,0
11:0:31 11:0:41 10147 100 17,7.001796636,152.304305975,152.304375374,546704,546708,535563,535563,145.302578738,2,0
11:0:31 11:0:41 10144 100 17,7.001689239,129.794131807,129.794211209,1543,1543,3224,3224,122.79252197,1,0
11:0:31 11:0:41 10151 100 17,7.001935632,5876.337496215,5876.337551815,4061503,4061503,104364,104364,5869.335616183,2,0
11:0:31 11:0:41 10143 100 17,7.001651239,128.099612468,128.099854669,1466,1466,3229,3229,121.09820343,1,0
11:0:31 11:0:41 10142 100 17,7.00162644,123.937177341,123.937384543,1995,1995,2153,2153,116.935758103,1,0
11:0:31 11:0:41 10141 100 17,7.001601641,111.205092418,111.205312218,1928,1928,3290,3290,104.203710577,1,0
11:0:31 11:0:41 10150 100 17,7.001907433,137.506920836,137.506995635,479276,479280,866873,866873,130.505088202,2,0
11:0:31 11:0:41 10140 100 17,7.001563842,125.559469596,125.559812794,1223,1223,3092,3092,118.558248952,1,0
11:0:31 11:0:41 10136 100 17,7.001463046,129.028551378,129.028857378,2240,2240,2293,2293,122.027394332,1,0
11:0:31 11:0:41 10133 100 17,7.001388049,116.663584253,116.663886853,1831,1831,2786,2786,109.662498804,1,0
11:0:31 11:0:41 10164 100 17,7.003432221,738.291434751,738.303185916,2787219,2787717,11385553,11385553,731.299753695,3,0
11:0:31 11:0:41 10131 100 17,7.001325451,128.696579254,128.696637454,2244,2244,2293,2293,121.695312003,1,0
11:0:31 11:0:41 10130 100 17,7.001300652,122.531600657,122.531707458,1988,1988,2160,2160,115.530406806,1,0
11:0:31 11:0:41 10175 100 17,7.004271811,655.235049876,655.248278234,6208316,6208935,19960647,19960647,648.244006423,3,0
11:0:31 11:0:41 10153 100 17,7.002004031,135.568050387,135.568378988,193981,193985,910508,910508,128.566374957,2,0
11:0:31 11:0:41 10129 100 17,7.001275853,126.443664745,126.443893746,2106,2106,2221,2221,119.442617893,1,0
11:0:31 11:0:41 10132 100 17,7.00135025,130.581893758,130.582217955,1141,1141,2551,2551,123.580867705,1,0
11:0:31 11:0:41 10128 100 17,7.001237454,133.665994934,133.666202335,2389,2389,5106,5106,126.664964881,1,0
11:0:31 11:0:41 10127 100 17,7.001199454,123.697128175,123.697301973,1435,1435,2823,2823,116.696102519,1,0
11:0:31 11:0:41 10057 100 17,2.002058345,935.561353351,935.566755142,24312547,24313419,36828054,36828054,933.564696797,3,0
11:0:31 11:0:41 10135 100 17,7.001438247,126.62345907,126.623674071,2127,2127,2226,2226,119.622235824,1,0
11:0:31 11:0:41 10058 100 17,2.002082544,194.637915322,194.722877887,196929,197087,2611316,2611316,192.720795343,3,0
11:0:31 11:0:41 10008 100 17,2.000224992,127.375425717,127.375695917,2211,2211,2362,2362,125.375470925,1,0
11:0:31 11:0:41 10053 100 17,2.001550348,135.853293487,135.853600687,268290,268292,338595,338595,133.852050339,2,0
11:0:31 11:0:41 10110 100 17,7.000697871,133.231240903,133.231547103,2377,2377,2360,2360,126.230849232,1,0
11:0:31 11:0:41 10195 100 17,7.006138993,461.403698184,461.439120873,1505199,1505597,8147494,8147494,454.43298188,3,0
11:0:31 11:0:41 10051 100 17,2.00147835,125.850128933,125.850601733,124707,124711,264822,264822,123.849123383,2,0
11:0:31 11:0:41 10049 100 17,2.001401552,179.464188529,179.464620932,270204,270281,298243,298243,177.46321938,2,0
11:0:31 11:0:41 10187 100 17,7.0051284,566.695956228,566.716638566,2907128,2907625,12022846,12022846,559.711510166,3,0
11:0:31 11:0:41 10046 100 17,2.001295355,226.277394529,226.277615329,1052193,1052286,910636,910636,224.276319974,2,0
11:0:31 11:0:41 10086 100 17,2.004152921,462.271180004,462.317562843,1459742,1460146,8381714,8381714,460.313409922,3,0
11:0:31 11:0:41 10096 100 17,2.004829312,490.299196685,490.339198166,2005794,2006241,8080544,8080544,488.334368854,3,0
11:0:31 11:0:41 10006 100 17,2.000162794,75.236990283,75.23722168,921,921,2414,2414,73.237058886,1,0
11:0:31 11:0:41 10044 100 17,2.001235157,117.564933171,117.565203571,1847,1847,4574,4574,115.563968414,1,0
11:0:31 11:0:41 10048 100 17,2.001360353,136.85897035,136.859392348,270252,270256,402194,402194,134.858031995,2,0
11:0:31 11:0:41 10134 100 17,7.001413248,90.128328871,90.128420872,2553,2553,4756,4756,83.127007624,1,0
11:0:31 11:0:41 10047 100 17,2.001324754,171.035086657,171.035312657,800455,800461,916347,916347,169.033987903,2,0
11:0:31 11:0:41 10149 100 17,7.001856234,15.234173947,15.234448346,586,589,10000,10000,8.232592112,2,0
11:0:31 11:0:41 10037 100 17,2.001054564,125.510189165,125.510417966,2083,2083,2288,2288,123.509363402,1,0
11:0:31 11:0:41 10167 100 17,7.003748818,621.565509898,621.581187648,4002764,4003308,15400202,15400202,614.57743883,3,0
11:0:31 11:0:41 10031 100 17,2.00089957,125.250383318,125.25053352,2080,2080,2307,2307,123.24963395,1,0
11:0:31 11:0:41 10091 100 17,2.004279917,537.684369142,537.706687273,6585504,6585982,19961585,19961585,535.702407356,3,0
11:0:31 11:0:41 10043 100 17,2.001209758,125.672683774,125.672838976,2080,2080,2293,2293,123.671629218,1,0
11:0:31 11:0:41 10036 100 17,2.001029765,125.047584904,125.047819305,2091,2092,2291,2291,123.04678954,1,0
11:0:31 11:0:41 10118 100 17,7.000935863,123.723439032,123.723667633,1986,1986,2150,2150,116.72273177,1,0
11:0:31 11:0:41 10045 100 17,2.001273356,178.129044616,178.129331415,466307,466309,467529,467529,176.128058059,2,0
11:0:31 11:0:41 10035 100 17,2.001004566,97.619486895,97.619583497,2203,2203,4102,4102,95.618578931,1,0
11:0:31 11:0:41 10159 100 17,7.002746025,4091.911312963,4091.911356561,352153589,352154571,98875818,98875818,4084.908610536,3,0
11:0:31 11:0:41 10139 100 17,7.001538443,133.231302701,133.231572102,2377,2377,2366,2366,126.230033659,1,0
11:0:31 11:0:41 10033 100 17,2.000949768,148.753539666,148.753604866,3929,3929,3698,3698,146.752655098,1,0
11:0:31 11:0:41 10030 100 17,2.000874171,88.944425651,88.944732652,1481,1481,3680,3680,86.943858481,1,0
11:0:31 11:0:41 10107 100 17,7.000622874,112.311992643,112.379750129,7683,7683,8067,8067,105.379127255,1,0
11:0:31 11:0:41 10034 100 17,2.000974767,120.06060211,120.06068311,2897,2899,4929,4929,118.059708343,1,0
11:0:31 11:0:41 10028 100 17,2.000799373,120.088231995,120.088418594,1619,1619,3769,3769,118.087619221,1,0
11:0:31 11:0:41 10077 100 17,2.003332328,291.301878633,291.380756223,435530,435738,4143216,4143216,289.377423895,3,0
11:0:31 11:0:41 10011 100 17,2.000312989,121.778014299,121.7782721,1971,1972,2227,2227,119.777959111,1,0
11:0:31 11:0:41 10012 100 17,2.000338188,127.558425236,127.558640637,2217,2217,2371,2371,125.558302449,1,0
11:0:31 11:0:41 10042 100 17,2.001184359,128.187072141,128.187300742,2212,2212,2367,2367,126.186116383,1,0
11:0:31 11:0:41 10019 100 17,2.000526381,118.946809617,118.947109817,1845,1845,2160,2160,116.946583436,1,0
11:0:31 11:0:41 10023 100 17,2.000626977,108.201391256,108.201629458,5134,5134,8155,8155,106.201002481,1,0
11:0:31 11:0:41 10067 100 17,2.002316336,1271.627141136,1271.629424331,93376421,93377625,97513846,97513846,1269.627107995,3,0
11:0:31 11:0:41 10010 100 17,2.00027519,113.540361943,113.540603945,1623,1623,3628,3628,111.540328755,1,0
11:0:31 11:0:41 10001 100 17,2.000024799,70.794550717,70.794602517,1098,1098,3238,3238,68.794577718,1,0
11:0:31 11:0:41 10125 100 17,7.001149856,99.767152615,99.767415215,4303,4303,6388,6388,92.766265359,1,0
11:0:31 11:0:41 10009 100 17,2.000249991,118.946784818,118.947085018,1845,1845,2151,2151,116.946835027,1,0
11:0:31 11:0:41 10038 100 17,2.001079763,123.041488989,123.041791989,1097,1097,1674,1674,121.040712226,1,0
11:0:31 11:0:41 10103 100 17,7.000517478,106.068140232,106.068399633,3054,3054,4966,4966,99.067882155,1,0
11:0:31 11:0:41 10124 100 17,7.001125057,96.96845379,96.968698591,2202,2202,4725,4725,89.967573534,1,0
11:0:31 11:0:41 10032 100 17,2.000924569,118.941034038,118.941340238,1839,1839,2175,2175,116.940415669,1,0
11:0:31 11:0:41 10163 100 17,7.003406822,218.226049432,218.278553234,156529,156651,1948313,1948313,211.275146412,3,0
11:0:31 11:0:41 10114 100 17,7.000824467,127.335390647,127.335468247,2049,2049,4303,4303,120.33464378,1,0
11:0:31 11:0:41 10026 100 17,2.000736574,128.178740164,128.178990764,2052,2052,2228,2228,126.17825419,1,0
11:0:31 11:0:41 10007 100 17,2.000187193,126.958857073,126.959176073,1089,1089,2557,2557,124.95898888,1,0
11:0:31 11:0:41 10022 100 17,2.000601578,123.652756343,123.652985544,2070,2071,2302,2302,121.652383966,1,0
11:0:31 11:0:41 10017 100 17,2.000476383,75.534070639,75.534126238,1201,1201,3607,3607,73.533649855,1,0
11:0:31 11:0:41 10137 100 17,7.001488245,130.364533024,130.364593024,2246,2246,2297,2297,123.363104779,1,0
11:0:31 11:0:41 10000 100 17,2,117.539615885,117.539961684,1837,1837,2163,2163,115.539961684,1,0
11:0:31 11:0:41 10016 100 17,2.000451184,125.384602239,125.384773843,2086,2086,2293,2293,123.384322659,1,0
11:0:31 11:0:41 10005 100 17,2.000137995,121.460103464,121.460326265,1954,1954,2243,2243,119.46018827,1,0
11:0:31 11:0:41 10004 100 17,2.000112996,113.161391184,113.161474383,4652,4657,7240,7240,111.161361387,1,0
11:0:31 11:0:41 10015 100 17,2.000413385,117.373806131,117.373895132,1055,1055,2552,2552,115.373481747,1,0
11:0:31 11:0:41 10089 100 17,2.004228118,215.431946875,215.480344094,173469,173602,2323282,2323282,213.476115976,3,0
11:0:31 11:0:41 10052 100 17,2.001515149,130.228133499,130.228393697,151315,151317,297527,297527,128.226878548,2,0
11:0:31 11:0:41 10176 100 17,7.00431981,940.706364977,940.711163154,22527872,22528420,2147179,2147179,933.706843344,3,0
11:0:31 11:0:41 10097 100 17,2.004851911,2096.880503009,2096.880778807,298124058,298125043,142386733,142386733,2094.875926896,3,0
11:0:31 11:0:41 10003 100 17,2.000088197,88.692268113,88.692493314,1472,1472,2805,2805,86.692405117,1,0
11:0:31 11:0:41 10014 100 17,2.000388586,91.626465586,91.719490406,3559,3569,6808,6808,89.71910182,1,0
11:0:31 11:0:41 10002 100 17,2.000049998,126.8021788,126.8025198,1123,1123,2555,2555,124.802469802,1,0
11:0:31 11:0:41 10082 100 17,2.003770523,611.885340461,611.90167301,2440591,2440940,8518069,8518069,609.897902487,3,0
11:0:31 11:0:41 10145 100 17,7.001727438,134.88455885,134.884859251,245838,245841,352567,352567,127.883131813,2,0
11:0:31 11:0:41 10013 100 17,2.000363187,117.595092849,117.595190048,1837,1837,2152,2152,115.594826861,1,0
11:0:31 11:0:41 10040 100 17,2.001134761,124.978170568,124.97834877,2089,2089,2289,2289,122.977214009,1,0
11:0:31 11:0:41 10025 100 17,2.000713575,97.125711798,97.125943798,1707,1707,5220,5220,95.125230223,1,0
11:0:31 11:0:41 10050 100 17,2.001438351,2410.604860779,2410.604914377,502940,502940,47957,47957,2408.603476026,2,0
11:0:31 11:0:41 10055 100 17,2.001621946,175.38267905,175.460484233,506185,506287,3356254,3356254,173.458862287,3,0
11:0:31 11:0:41 10027 100 17,2.000761373,122.064662683,122.065007682,1375,1377,3216,3216,120.064246309,1,0
11:0:31 11:0:41 10020 100 17,2.00055178,124.016547602,124.016776004,2083,2083,2283,2283,122.016224224,1,0
11:0:31 11:0:41 10184 100 17,7.005047403,503.76878177,503.768991971,5811032,5811105,3083719,3083719,496.763944568,3,0
11:0:31 11:0:41 10083 100 17,2.003796922,539.92463221,539.948351345,5380845,5381359,20457259,20457259,537.944554423,3,0
11:0:31 11:0:41 10024 100 17,2.000651376,113.833771713,113.833874112,3809,3811,6036,6036,111.833222736,1,0
11:0:31 11:0:41 10021 100 17,2.000576779,118.941009239,118.941314839,1839,1839,2161,2161,116.94073806,1,0
11:0:31 11:0:41 10152 100 17,7.001962432,155.508721325,155.509034525,621412,621418,966438,966438,148.507072093,2,0
11:0:31 11:0:41 10029 100 17,2.000837772,124.013996813,124.014283414,2732,2732,4400,4400,122.013445642,1,0
11:0:31 11:0:41 10059 100 17,2.002107543,1333.075539588,1333.075606585,86339632,86340666,109111561,109111561,1331.073499042,3,0
11:0:31 11:0:41 10061 100 17,2.002169941,515.24060307,515.264899799,2078498,2078956,9977913,9977913,513.262729858,3,0
11:0:31 11:0:41 10062 100 17,2.00219514,934.087340088,934.091277866,22563676,22564239,2146821,2146821,932.089082726,3,0
11:0:31 11:0:41 10111 100 17,7.00072287,128.696554055,128.696612055,2244,2244,2300,2300,121.695889185,1,0
11:0:31 11:0:41 10060 100 17,2.002145142,548.923665807,548.944303343,2593494,2593979,11486644,11486644,546.942158201,3,0
11:0:31 11:0:41 10064 100 17,2.002237338,241.392755462,241.467283425,185700,185850,2376876,2376876,239.465046087,3,0
11:0:31 11:0:41 10054 100 17,2.001593747,157.364823422,157.365091023,629678,629685,965094,965094,155.363497276,2,0
11:0:31 11:0:41 10065 100 17,2.002261938,1328.925114862,1328.926079459,82971780,82972765,108182849,108182849,1326.923817521,3,0
11:0:31 11:0:41 10157 100 17,7.002401227,219.404888056,219.454020085,151505,151606,1584403,1584403,212.451618858,3,0
11:0:31 11:0:41 10117 100 17,7.000910464,121.328184916,121.328486916,2806,2806,4217,4217,114.327576452,1,0
11:0:31 11:0:41 10066 100 17,2.002291537,215.904503756,215.953409386,159546,159663,2028061,2028061,213.951117849,3,0
11:0:31 11:0:41 10056 100 17,2.001751546,402.859998376,402.921761921,990087,990421,6629164,6629164,400.920010375,3,0
11:0:31 11:0:41 10068 100 17,2.002607136,523.914887587,523.938539718,1945827,1946269,9906285,9906285,521.935932582,3,0
11:0:31 11:0:41 10018 100 17,2.000501382,124.029020351,124.029141549,2071,2071,2293,2293,122.028640167,1,0
11:0:31 11:0:41 10070 100 17,2.002759935,272.577121559,272.639312733,427999,428193,3612149,3612149,270.636552798,3,0
11:0:31 11:0:41 10104 100 17,7.000542477,118.561232462,118.561423059,1759,1759,2511,2511,111.560880582,1,0
11:0:31 11:0:41 10072 100 17,2.002809333,2140.336469598,2140.336536396,332859565,332860635,164030539,164030539,2138.333727063,3,0
11:0:31 11:0:41 10071 100 17,2.002785134,285.241144327,285.303541329,396201,396421,3457697,3457697,283.300756195,3,0
11:0:31 11:0:41 10073 100 17,2.002848532,1117.146598166,1117.150544154,37579525,37580341,64820011,64820011,1115.147695622,3,0
11:0:31 11:0:41 10074 100 17,2.003155331,496.38074371,496.418809413,1637007,1637425,8941637,8941637,494.415654082,3,0
11:0:31 11:0:41 10093 100 17,2.004355115,622.840832565,622.856459109,3946567,3947119,15111218,15111218,620.852103994,3,0
11:0:31 11:0:41 10115 100 17,7.000862666,129.094904027,129.095205427,2237,2239,2290,2290,122.094342761,1,0
11:0:31 11:0:41 10192 100 17,7.005827396,362.426364045,362.491655671,899046,899368,6222453,6222453,355.485828275,3,0
11:0:31 11:0:41 10098 100 17,2.00488951,1499.13358042,1499.133641768,128490183,128491174,88826839,88826839,1497.128752258,3,0
11:0:31 11:0:41 10078 100 17,2.003639327,2503.794605432,2503.79465943,811806133,811807428,460323444,460323444,2501.791020103,3,0
11:0:31 11:0:41 10041 100 17,2.00115956,121.623364867,121.623630268,1972,1972,2221,2221,119.622470708,1,0
11:0:31 11:0:41 10063 100 17,2.002212539,398.353599532,398.407881705,922822,923125,6244772,6244772,396.405669166,3,0
11:0:31 11:0:41 10079 100 17,2.003676926,622.138184666,622.15364322,8204666,8205279,26389332,26389332,620.149966294,3,0
11:0:31 11:0:41 10069 100 17,2.002733135,380.07178514,380.128443504,2476280,2476646,15061855,15061855,378.125710369,3,0
11:0:31 11:0:41 10080 100 17,2.003702525,490.013144488,490.013471288,5564255,5564320,2171127,2171127,488.009768763,3,0
11:0:31 11:0:41 10146 100 17,7.001760437,520.829430488,520.854151014,2183896,2184370,934044,934044,513.852390577,2,0
11:0:31 11:0:41 10084 100 17,2.003823722,486.674949761,486.71389205,1772166,1772605,8835236,8835236,484.710068328,3,0
11:0:31 11:0:41 10106 100 17,7.000597475,126.779440095,126.779791495,2127,2127,2228,2228,119.77919402,1,0
11:0:31 11:0:41 10087 100 17,2.00417832,441.618215606,441.663121645,1372849,1373243,8163612,8163612,439.658943325,3,0
11:0:31 11:0:41 10088 100 17,2.004203319,487.65674507,487.697198154,1741230,1741666,8963993,8963993,485.692994835,3,0
11:0:31 11:0:41 10076 100 17,2.003314929,247.6826156,247.750888159,272284,272414,2550923,2550923,245.74757323,3,0
11:0:31 11:0:41 10090 100 17,2.004253117,617.296934776,617.313289726,7581608,7582199,24711438,24711438,615.309036609,3,0
11:0:31 11:0:41 10081 100 17,2.003740924,500.865314147,500.865693147,5708282,5708354,3083719,3083719,498.861952223,3,0
11:0:31 11:0:41 10092 100 17,2.004317516,319.591148302,319.591381703,2365480,2365517,1333486,1333486,317.587064187,3,0
11:0:31 11:0:41 10095 100 17,2.004526913,852.257206674,852.265363631,18388826,18389637,32953236,32953236,850.260836718,3,0
11:0:31 11:0:41 10198 100 17,7.00622759,902.223415534,902.229442919,1759690,1759796,1259428,1259428,895.223215329,3,0
11:0:31 11:0:41 10099 100 17,2.004928709,701.297162917,701.307435088,10776108,10776789,33381223,33381223,699.302506379,3,0
11:0:31 11:0:41 10039 100 17,2.001109562,114.001340909,114.001658308,2765,2765,4851,4851,112.000548746,1,0
11:0:31 11:0:41 10100 100 17,7.000431281,128.707513603,128.707742804,2244,2244,2290,2290,121.707311523,1,0
11:0:31 11:0:41 10075 100 17,2.00329053,207.259374201,207.347995143,173968,174096,2096158,2096158,205.344704613,3,0
11:0:31 11:0:41 10101 100 17,7.00045628,131.688501702,131.688723304,1345,1345,2823,2823,124.688267024,1,0
11:0:31 11:0:41 10119 100 17,7.000960662,133.254521395,133.254593995,2377,2377,2371,2371,126.253633333,1,0
11:0:31 11:0:41 10102 100 17,7.000494479,102.234706415,102.234870017,1834,1834,2408,2408,95.234375538,1,0
11:0:31 11:0:41 10190 100 17,7.005487398,1799.808092198,1799.80828496,323518545,323519734,246506001,246506001,1792.802797562,3,0
11:0:31 11:0:41 10105 100 17,7.000572276,133.199492655,133.199720054,2377,2377,2377,2377,126.199147778,1,0
11:0:31 11:0:41 10108 100 17,7.000647673,105.520775769,105.520848569,4509,4509,6239,6239,98.520200896,1,0
11:0:31 11:0:41 10138 100 17,7.001513444,112.288298556,112.288665754,1792,1792,2484,2484,105.28715231,1,0
11:0:31 11:0:41 10122 100 17,7.001049059,125.172299219,125.172587219,3159,3159,7132,7132,118.17153816,1,0
11:0:31 11:0:41 10109 100 17,7.000672872,128.748979287,128.749215887,2239,2239,2293,2293,121.748543015,1,0
11:0:31 11:0:41 10112 100 17,7.000747869,117.937653445,117.937752445,1501,1501,3362,3362,110.937004576,1,0
11:0:31 11:0:41 10113 100 17,7.000786268,122.521646707,122.521949707,1203,1205,2554,2554,115.521163439,1,0
11:0:31 11:0:41 10116 100 17,7.000887465,80.253884519,80.254184919,1715,1715,3600,3600,73.253297454,1,0
11:0:31 11:0:41 10120 100 17,7.000985461,130.364508225,130.364568225,2246,2246,2288,2288,123.363582764,1,0
11:0:31 11:0:41 10121 100 17,7.00101086,122.521684906,122.521987906,1269,1269,3096,3096,115.520977046,1,0
11:0:31 11:0:41 10085 100 17,2.004128122,374.577704493,374.627056117,863372,863662,5636747,5636747,372.622927995,3,0
11:0:31 11:0:41 10126 100 17,7.001176855,80.273193232,80.273263231,1224,1224,2214,2214,73.272086376,1,0
11:0:31 11:0:41 10094 100 17,2.004480714,738.995180366,739.007901326,7263490,7264101,20446843,20446843,737.003420612,3,0
11:0:31 11:0:41 10123 100 17,7.001087258,130.827303574,130.827560775,3227,3227,6327,6327,123.826473517,1,0
