,flow id:,first send:_no_sp,last send:_no_sp,last arrive:_no_sp,send num:_no_sp,receive num_no_sp,FCT:_no_sp,origin_pg:_no_sp,transfer delay:_no_sp,first send:_sp,last send:_sp,last arrive:_sp,send num:_sp,receive num_sp,FCT:_sp,origin_pg:_sp,transfer delay:_sp,FCT Change,FCT % Change
0,11:0:11 11:0:41 10099 100 17,2.004456898,236.013804677,236.022419052,925428,925562,234.017962154,3,0,2.004456898,238.85759718,238.865720362,945162,945286,236.861263464,3,0,2.843301309999987,1.2149927654394743
1,11:0:11 11:0:41 10097 100 17,2.0044067,142.344027721,142.361468256,83861,83903,140.357061556,3,0,2.0044067,147.512138397,147.532629531,90750,90796,145.528222831,3,0,5.171161275000003,3.6842900654035144
2,11:0:11 11:0:41 10096 100 17,2.004382301,353.702095296,353.705565684,5465713,5465917,351.701183383,3,0,2.004382301,356.260208321,356.26351991,5506383,5506590,354.259137609,3,0,2.5579542259999926,0.7273089619418196
3,11:0:11 11:0:41 10093 100 17,2.004255905,150.237843815,150.254842162,141174,141221,148.250586257,3,0,2.004255905,155.131274003,155.147599755,150105,150164,153.14334385,3,0,4.892757592999999,3.3003293386767134
4,11:0:11 11:0:41 10092 100 17,2.004231106,140.731953226,140.750087365,58072,58093,138.745856259,3,0,2.004231106,140.69391772,140.71215366,57692,57707,138.707922554,3,0,-0.03793370500000037,-0.027340423723493892
5,11:0:11 11:0:41 10090 100 17,2.004179908,209.140174609,209.150377979,585185,585283,207.146198071,3,0,2.004179908,214.150182519,214.162205884,613831,613936,212.158025976,3,0,5.011827905000018,2.4194641039379343
6,11:0:11 11:0:41 10098 100 17,2.004431499,191.364920616,191.380825369,568702,568815,189.37639387,3,0,2.004431499,197.250015829,197.263893792,602606,602729,195.259462293,3,0,5.883068423000026,3.1065479190814766
7,11:0:11 11:0:41 10088 100 17,2.004114709,570.7760323,570.7763047,23251150,23251497,568.772189991,3,0,2.004114709,574.214506232,574.214566232,23184461,23184806,572.210451523,3,0,3.438261531999956,0.6045059151106458
8,11:0:11 11:0:41 10087 100 17,2.00381231,394.32322952,394.325581913,7318206,7318509,392.321769603,3,0,2.00381231,399.031797443,399.03374303,7499328,7499633,397.02993072,3,0,4.708161116999975,1.2000764377068032
9,11:0:11 11:0:41 10086 100 17,2.00378551,333.613065775,333.618046357,6806589,6806917,331.614260847,3,0,2.00378551,336.812817023,336.815408208,6836955,6837281,334.811622698,3,0,3.1973618509999824,0.9641810466272978
10,11:0:11 11:0:41 10085 100 17,2.003735712,210.505985305,210.517505471,482656,482752,208.513769759,3,0,2.003735712,217.940398469,217.951503438,521301,521412,215.947767726,3,0,7.433997966999982,3.5652311958064877
11,11:0:11 11:0:41 10084 100 17,2.003694913,1894.252327822,1894.25239622,617289533,617290157,1892.248701307,3,0,2.003694913,1900.910298446,1900.910366844,621035006,621035659,1898.906671931,3,0,6.657970623999972,0.35185494482840596
12,11:0:11 11:0:41 10078 100 17,2.003531919,135.341336785,135.360153725,198474,198523,133.356621806,3,0,2.003531919,136.485001776,136.501522129,200284,200328,134.49799021,3,0,1.1413684040000192,0.8558768125218561
13,11:0:11 11:0:41 10077 100 17,2.003505119,354.987409571,354.991701151,8241444,8241784,352.988196032,3,0,2.003505119,357.47308768,357.476524266,8258273,8258614,355.473019147,3,0,2.4848231149999833,0.7039394356333442
14,11:0:11 11:0:41 10076 100 17,2.003480519,130.362440599,130.380226138,109344,109378,128.376745619,3,0,2.003480519,134.067728251,134.088627778,114659,114700,132.085147259,3,0,3.7084016400000053,2.888686437811643
15,11:0:11 11:0:41 10075 100 17,2.00317332,209.733557467,209.745868231,703321,703433,207.742694911,3,0,2.00317332,211.71371734,211.726235106,715542,715652,209.723061786,3,0,1.9803668749999872,0.9532787065501415
16,11:0:11 11:0:41 10074 100 17,2.003147921,209.322961415,209.335588374,752726,752849,207.332440453,3,0,2.003147921,213.654950633,213.665506199,785413,785536,211.662358278,3,0,4.3299178249999954,2.0883937967158306
17,11:0:11 11:0:41 10072 100 17,2.002997722,160.224953974,160.242590116,403053,403150,158.239592394,3,0,2.002997722,164.524934447,164.542092002,419924,420013,162.53909428,3,0,4.299501886000002,2.7170835193348406
18,11:0:11 11:0:41 10070 100 17,2.002896724,446.661399625,446.663041221,3804432,3804631,444.660144497,3,0,2.002896724,452.138799124,452.140032519,3913190,3913406,450.137135795,3,0,5.47699129800003,1.2317252548450477
19,11:0:11 11:0:41 10069 100 17,2.002859125,736.970738036,736.970798036,46583224,46583595,734.967938911,3,0,2.002859125,738.847529347,738.847601717,46510907,46511271,736.844742592,3,0,1.8768036809999558,0.25535857846817245
20,11:0:11 11:0:41 10068 100 17,2.002834326,196.322307557,196.336599715,601365,601474,194.333765389,3,0,2.002834326,201.887676212,201.898819979,633365,633480,199.895985653,3,0,5.56222026399999,2.8621996043075857
21,11:0:11 11:0:41 10067 100 17,2.002808927,246.299048165,246.305719147,1246834,1246968,244.30291022,3,0,2.002808927,252.309849683,252.316582265,1309224,1309395,250.313773338,3,0,6.010863118000003,2.460414046065637
22,11:0:11 11:0:41 10091 100 17,2.004206107,215.472214192,215.484126153,769035,769161,213.479920046,3,0,2.004206107,220.726905621,220.736060796,807632,807750,218.731854689,3,0,5.2519346429999985,2.4601539301065545
23,11:0:11 11:0:41 10066 100 17,2.002759129,121.911643732,121.931711264,113938,113970,119.928952135,3,0,2.002759129,123.280792451,123.298436183,115656,115680,121.295677054,3,0,1.3667249189999922,1.1396121575893665
24,11:0:11 11:0:41 10065 100 17,2.00273393,124.093111046,124.110474586,75512,75549,122.107740656,3,0,2.00273393,128.429590939,128.447754073,80715,80757,126.445020143,3,0,4.337279486999989,3.5520102687174475
25,11:0:11 11:0:41 10082 100 17,2.003640115,741.97272958,741.973269181,46585255,46585608,739.969629066,3,0,2.003640115,721.27659764,721.276864239,43133719,43134039,719.273224124,3,0,-20.696404942000072,-2.796926269544787
26,11:0:11 11:0:41 10064 100 17,2.002696131,176.042490062,176.057834009,747752,747910,174.055137878,3,0,2.002696131,167.803147052,167.803460852,710033,710042,165.800764721,3,0,-8.254373157000003,-4.7423898298168705
27,11:0:11 11:0:41 10063 100 17,2.002678732,503.57210485,503.573229845,12576263,12576397,501.570551113,3,0,2.002678732,506.339391528,506.341339522,12642820,12642956,504.33866079,3,0,2.768109676999984,0.5518883975260241
28,11:0:11 11:0:41 10061 100 17,2.002330535,3203.56751631,3203.567562308,223003518,223003964,3201.565231773,3,0,2.002330535,3207.782116814,3207.782162812,224063400,224063845,3205.779832277,3,0,4.214600503999918,0.13164187511075348
29,11:0:11 11:0:41 10060 100 17,2.002308136,3521.560823179,3521.560866777,223481996,223482449,3519.558558641,3,0,2.002308136,3526.780823472,3526.78086707,224684120,224684565,3524.778558934,3,0,5.2200002929998846,0.14831406285836804
30,11:0:11 11:0:41 10012 100 17,2.000342988,95.540926193,95.560580332,2308,2308,93.560237344,1,0,2.000342988,95.126776156,95.127076955,2299,2299,93.126733967,1,0,-0.43350337699999386,-0.463341467814045
31,11:0:11 11:0:41 10036 100 17,2.000978965,113.236788128,113.254911268,2751,2753,111.253932303,1,0,2.000978965,112.965210095,112.965326095,2741,2741,110.96434713,1,0,-0.2895851730000061,-0.2602920786757641
32,11:0:11 11:0:41 10024 100 17,2.000641376,118.595972991,118.615338923,2229,2230,116.614697547,1,0,2.000641376,118.258011399,118.258250999,2223,2223,116.257609623,1,0,-0.35708792400001244,-0.30621176533609146
33,11:0:11 11:0:41 10008 100 17,2.000225192,127.294332799,127.312056531,3791,3793,125.311831339,1,0,2.000225192,127.039261332,127.039564533,3788,3788,125.039339341,1,0,-0.27249199799999246,-0.21745113377429873
34,11:0:11 11:0:41 10034 100 17,2.000930567,83.151489449,83.172211186,1238,1238,81.171280619,1,0,2.000930567,83.055108917,83.055213718,1235,1235,81.054283151,1,0,-0.11699746799999389,-0.14413653093531203
35,11:0:11 11:0:41 10026 100 17,2.000691374,123.997457387,124.014831132,2075,2083,122.014139758,1,0,2.000691374,124.009333588,124.009552188,2077,2077,122.008860814,1,0,-0.0052789439999969545,-0.004326501838612384
36,11:0:11 11:0:41 10022 100 17,2.000591378,107.725573322,107.746415845,4051,4052,105.745824467,1,0,2.000591378,107.481972119,107.482307119,4045,4045,105.481715741,1,0,-0.26410872600000346,-0.2497580659389758
37,11:0:11 11:0:41 10027 100 17,2.000716573,121.604081819,121.623028354,1972,1972,119.622311781,1,0,2.000716573,121.617203529,121.61750893,1972,1972,119.616792357,1,0,-0.005519423999999162,-0.004614042244981785
38,11:0:11 11:0:41 10049 100 17,2.00143695,5591.177112769,5591.177223567,448141,448141,5589.175786617,2,0,2.00143695,5591.176159924,5591.176270722,448141,448141,5589.174833772,2,0,-0.0009528450000289013,-1.704804136435359e-05
39,11:0:11 11:0:41 10017 100 17,2.000465783,123.672917524,123.689404268,2084,2084,121.688938485,1,0,2.000465783,123.67275661,123.67308421,2084,2084,121.672618427,1,0,-0.016320057999990922,-0.013411291283474066
40,11:0:11 11:0:41 10089 100 17,2.004153108,316.989098351,316.994114735,5217354,5217654,314.989961627,3,0,2.004153108,320.853132032,320.858300616,5314126,5314432,318.854147508,3,0,3.864185880999969,1.2267647708646034
41,11:0:11 11:0:41 10016 100 17,2.000440784,124.05439739,124.073047919,2071,2077,122.072607135,1,0,2.000440784,124.064891982,124.065194182,2071,2073,122.064753398,1,0,-0.007853737000004912,-0.0064336604127078825
42,11:0:11 11:0:41 10023 100 17,2.000616177,118.923788064,118.943014793,1845,1845,116.942398616,1,0,2.000616177,118.939560075,118.939616275,1845,1845,116.939000098,1,0,-0.0033985180000115633,-0.002906146992222357
43,11:0:11 11:0:41 10073 100 17,2.003022521,261.405119604,261.411905986,1267431,1267588,259.408883465,3,0,2.003022521,267.680338258,267.687191039,1336577,1336746,265.684168518,3,0,6.275285053000005,2.4190709929356293
44,11:0:11 11:0:41 10015 100 17,2.000415785,125.498451385,125.514733321,2083,2086,123.514317536,1,0,2.000415785,125.515977244,125.516100644,2086,2086,123.515684859,1,0,0.001367323000010856,0.001107015791600298
45,11:0:11 11:0:41 10014 100 17,2.000391386,98.831359054,98.853683976,3792,3793,96.85329259,1,0,2.000391386,98.298732578,98.299023179,3765,3765,96.298631793,1,0,-0.5546607969999968,-0.5726814052135435
46,11:0:11 11:0:41 10053 100 17,2.001653546,177.309634827,177.328869968,52690,52702,175.327216422,2,0,2.001653546,175.189614738,175.189964138,51982,51982,173.188310592,2,0,-2.138905829999999,-1.2199508288843224
47,11:0:11 11:0:41 10059 100 17,2.002282737,201.948204789,201.961182354,557971,558076,199.958899617,3,0,2.002282737,208.429062619,208.44102539,593515,593629,206.438742653,3,0,6.479843036000005,3.240587464929771
48,11:0:11 11:0:41 10013 100 17,2.000365987,118.931062638,118.950173961,1841,1845,116.949807974,1,0,2.000365987,118.930671114,118.930992914,1839,1839,116.930626927,1,0,-0.01918104699998935,-0.01640109319739425
49,11:0:11 11:0:41 10048 100 17,2.001382151,192.028309444,192.041031599,648198,648331,190.039649448,2,0,2.001382151,130.126852067,130.127209467,438035,438038,128.125827316,2,0,-61.91382213200001,-32.579423458124886
50,11:0:11 11:0:41 10020 100 17,2.00054058,118.918158684,118.936207017,1845,1845,116.935666437,1,0,2.00054058,118.926095731,118.926151132,1842,1843,116.925610552,1,0,-0.010055884999999876,-0.008599502022265861
51,11:0:11 11:0:41 10025 100 17,2.000666575,121.608385405,121.627616737,1972,1972,119.626950162,1,0,2.000666575,121.613456743,121.613520945,1972,1972,119.61285437,1,0,-0.014095792000006213,-0.01178312410449113
52,11:0:11 11:0:41 10003 100 17,2.000088397,129.661762413,129.680210343,2774,2774,127.680121946,1,0,2.000088397,129.622344649,129.622669448,2773,2773,127.622581051,1,0,-0.05754089500000248,-0.04506644740231244
53,11:0:11 11:0:41 10046 100 17,2.001306153,129.588744075,129.608794802,239365,239439,127.607488649,2,0,2.001306153,127.545766942,127.545995543,236176,236176,125.54468939,2,0,-2.062799259000002,-1.6165189683138297
54,11:0:11 11:0:41 10001 100 17,2.000025399,127.705470527,127.722795666,5676,5676,125.722770267,1,0,2.000025399,127.427887969,127.446760085,5665,5666,125.446734686,1,0,-0.27603558100000214,-0.21955893941390234
55,11:0:11 11:0:41 10004 100 17,2.000111396,125.145152623,125.163505366,1692,1692,123.16339397,1,0,2.000111396,125.155505356,125.155824357,1692,1692,123.155712961,1,0,-0.0076810089999952424,-0.006236438240623812
56,11:0:11 11:0:41 10002 100 17,2.000050598,117.57469426,117.591743194,1059,1059,115.591692596,1,0,2.000050598,117.554275021,117.554594021,1059,1059,115.554543423,1,0,-0.03714917300000309,-0.03213827236689206
57,11:0:11 11:0:41 10095 100 17,2.004332503,131.432380767,131.449506306,55030,55065,129.445173803,3,0,2.004332503,136.604107369,136.620386712,60450,60485,134.616054209,3,0,5.170880406000009,3.994649050314899
58,11:0:11 11:0:41 10044 100 17,2.001225756,127.355391378,127.374620908,2211,2211,125.373395152,1,0,2.001225756,127.369074166,127.369303167,2211,2211,125.368077411,1,0,-0.005317740999998932,-0.0042415226879289804
59,11:0:11 11:0:41 10057 100 17,2.002207939,194.479863958,194.492333515,554065,554176,192.490125576,3,0,2.002207939,199.293695018,199.309266177,580435,580543,197.307058238,3,0,4.816932661999999,2.502431045533373
60,11:0:11 11:0:41 10071 100 17,2.002972723,140.082168491,140.100105831,138825,138872,138.097133108,3,0,2.002972723,144.4070162,144.427910136,147054,147111,142.424937413,3,0,4.327804305000001,3.133884250598747
61,11:0:11 11:0:41 10006 100 17,2.000174594,128.183281418,128.202542145,1933,1933,126.202367551,1,0,2.000174594,128.190695408,128.190771608,1933,1933,126.190597014,1,0,-0.011770536999989645,-0.00932671647006386
62,11:0:11 11:0:41 10009 100 17,2.000262991,102.99074108,103.012055808,2953,2955,101.011792817,1,0,2.000262991,102.701349135,102.701562135,2942,2942,100.701299144,1,0,-0.3104936729999963,-0.30738358793661674
63,11:0:11 11:0:41 10028 100 17,2.000741372,125.661894384,125.678749723,2080,2080,123.678008351,1,0,2.000741372,125.662263343,125.662526542,2080,2080,123.66178517,1,0,-0.016223181000000864,-0.013117272194389837
64,11:0:11 11:0:41 10018 100 17,2.000490782,118.899323553,118.918731681,1842,1845,116.918240899,1,0,2.000490782,118.900011627,118.900240228,1842,1842,116.899749446,1,0,-0.018491452999995772,-0.015815712636293975
65,11:0:11 11:0:41 10021 100 17,2.000565979,121.433379445,121.451366573,1954,1954,119.450800594,1,0,2.000565979,121.443722406,121.443856406,1954,1954,119.443290427,1,0,-0.007510167000006618,-0.006287247103125613
66,11:0:11 11:0:41 10010 100 17,2.00028839,121.422308487,121.441142811,1951,1951,119.440854421,1,0,2.00028839,121.433104844,121.433332647,1951,1951,119.433044257,1,0,-0.00781016399999146,-0.006538938487883323
67,11:0:11 11:0:41 10000 100 17,2.0,118.358426392,118.376809127,1834,1836,116.376809127,1,0,2.0,118.375148575,118.375423775,1836,1836,116.375423775,1,0,-0.0013853519999997843,-0.0011904021173909088
68,11:0:11 11:0:41 10039 100 17,2.001052562,117.708085742,117.72540148,1171,1172,115.724348918,1,0,2.001052562,117.585781701,117.586095901,1171,1171,115.585043339,1,0,-0.13930557900000906,-0.12037706870031151
69,11:0:11 11:0:41 10005 100 17,2.000149595,124.973115422,124.991692354,2089,2089,122.991542759,1,0,2.000149595,124.975642641,124.975871242,2089,2089,122.975721647,1,0,-0.015821111999997584,-0.012863577157495133
70,11:0:11 11:0:41 10079 100 17,2.003556918,234.195878362,234.204174734,1696015,1696235,232.200617816,3,0,2.003556918,237.919368697,237.927575869,1751798,1752016,235.924018951,3,0,3.723401134999989,1.6035276607017817
71,11:0:11 11:0:41 10029 100 17,2.000766171,118.202751363,118.222164093,2942,2943,116.221397922,1,0,2.000766171,117.931170384,117.931469384,2936,2936,115.930703213,1,0,-0.29069470899999317,-0.25012150447122306
72,11:0:11 11:0:41 10038 100 17,2.001029563,97.960782742,97.980529269,2335,2336,95.979499706,1,0,2.001029563,97.548650272,97.548703272,2333,2333,95.547673709,1,0,-0.43182599700000424,-0.4499148238142039
73,11:0:11 11:0:41 10043 100 17,2.001200557,128.164725485,128.182346625,2052,2052,126.181146068,1,0,2.001200557,128.175046469,128.175276069,2052,2052,126.174075512,1,0,-0.0070705560000021705,-0.005603496417913174
74,11:0:11 11:0:41 10030 100 17,2.00079097,126.863539377,126.881609907,1775,1775,124.880818937,1,0,2.00079097,126.80312039,126.803362192,1775,1775,124.802571222,1,0,-0.07824771500000338,-0.06265791309350548
75,11:0:11 11:0:41 10031 100 17,2.000829369,107.655625578,107.675360308,990,991,105.674530939,1,0,2.000829369,107.61400403,107.61432303,985,985,105.613493661,1,0,-0.06103727799998637,-0.05775968670749983
76,11:0:11 11:0:41 10032 100 17,2.000867369,125.48157365,125.498425387,2083,2089,123.497558018,1,0,2.000867369,125.491506333,125.491812933,2083,2083,123.490945564,1,0,-0.006612454000006096,-0.005354319636864656
77,11:0:11 11:0:41 10033 100 17,2.000892768,122.96286146,122.981566392,1461,1461,120.980673624,1,0,2.000892768,122.945434134,122.945641536,1461,1461,120.944748768,1,0,-0.035924856000008276,-0.029694706537723846
78,11:0:11 11:0:41 10052 100 17,2.001625147,126.274737013,126.294018145,144136,144176,124.292392998,2,0,2.001625147,126.659312318,126.659632718,144758,144760,124.658007571,2,0,0.365614573000002,0.29415683790550656
79,11:0:11 11:0:41 10081 100 17,2.003619316,393.761559914,393.765407105,8859486,8859798,391.761787789,3,0,2.003619316,397.023463973,397.026188766,8951820,8952138,395.02256945,3,0,3.26078166100001,0.8323378549508363
80,11:0:11 11:0:41 10019 100 17,2.000515781,117.496458152,117.515890478,1838,1838,115.515374697,1,0,2.000515781,117.498809032,117.499115232,1838,1838,115.498599451,1,0,-0.01677524599999458,-0.014522089413635642
81,11:0:11 11:0:41 10035 100 17,2.000953566,123.997482186,124.014855931,2075,2080,122.013902365,1,0,2.000953566,123.996354846,123.996409846,2075,2075,121.99545628,1,0,-0.018446085000007884,-0.01511801904739274
82,11:0:11 11:0:41 10037 100 17,2.001004364,118.896428361,118.915752693,1842,1845,116.914748329,1,0,2.001004364,118.900036426,118.900265427,1842,1842,116.899261063,1,0,-0.015487266000008049,-0.013246631602393422
83,11:0:11 11:0:41 10080 100 17,2.003596117,370.016097684,370.018819276,2301938,2302075,368.015223159,3,0,2.003596117,362.731286016,362.735047201,2210492,2210624,360.731451084,3,0,-7.283772075000002,-1.9792040156591746
84,11:0:11 11:0:41 10040 100 17,2.001090761,125.329970785,125.349791722,2086,2086,123.348700961,1,0,2.001090761,125.33812907,125.33843547,2086,2086,123.337344709,1,0,-0.01135625199999879,-0.009206624724478755
85,11:0:11 11:0:41 10058 100 17,2.002233338,176.021575928,176.038152075,274794,274882,174.035918737,3,0,2.002233338,182.840352667,182.854294824,296670,296750,180.852061486,3,0,6.816142748999994,3.9165149346557753
86,11:0:11 11:0:41 10041 100 17,2.00111576,127.274003476,127.292790005,3792,3793,125.291674245,1,0,2.00111576,126.991252518,126.991444119,3778,3778,124.990328359,1,0,-0.3013458859999929,-0.24051549140506334
87,11:0:11 11:0:41 10083 100 17,2.003669714,204.314356601,204.325079769,637019,637133,202.321410055,3,0,2.003669714,209.979992349,209.990877113,673324,673440,207.987207399,3,0,5.665797343999998,2.8003943539439455
88,11:0:11 11:0:41 10042 100 17,2.001175358,127.539457919,127.558225446,2214,2217,125.557050088,1,0,2.001175358,127.535848772,127.536154772,2214,2214,125.534979414,1,0,-0.022070673999991186,-0.017578203680735066
89,11:0:11 11:0:41 10007 100 17,2.000199993,104.406877064,104.425920196,1356,1357,102.425720203,1,0,2.000199993,104.291657706,104.291959907,1356,1356,102.291759914,1,0,-0.1339602890000009,-0.130787744264333
90,11:0:11 11:0:41 10045 100 17,2.001250955,170.654982377,170.671639528,354661,354745,168.670388573,2,0,2.001250955,139.704441704,139.704521505,282666,282668,137.70327055,2,0,-30.967118022999983,-18.35954626356808
91,11:0:11 11:0:41 10047 100 17,2.001330352,162.233627186,162.249206142,281554,281631,160.24787579,2,0,2.001330352,146.107508236,146.107848236,250540,250541,144.106517884,2,0,-16.141357905999996,-10.072743758021954
92,11:0:11 11:0:41 10094 100 17,2.004305703,4046.859558426,4046.859614026,32516062,32516081,4044.855308323,3,0,2.004305703,4045.349188837,4045.349244437,32492659,32492660,4043.344938734,3,0,-1.5103695889997653,-0.037340509706043495
93,11:0:11 11:0:41 10062 100 17,2.002352934,570.868890781,570.869423381,46350099,46350584,568.867070447,3,0,2.002352934,577.333742873,577.334685071,46997274,46997776,575.332332137,3,0,6.465261690000034,1.1365153699123085
94,11:0:11 11:0:41 10011 100 17,2.000313189,128.550038895,128.569897431,2196,2198,126.569584242,1,0,2.000313189,128.5541435,128.554451099,2196,2196,126.55413791,1,0,-0.015446332000010443,-0.012203826134466226
95,11:0:11 11:0:41 10050 100 17,2.001488949,172.353873142,172.369961894,338151,338227,170.368472945,2,0,2.001488949,153.409077644,153.409419044,299849,299853,151.407930095,2,0,-18.960542849999996,-11.129138227423697
96,11:0:11 11:0:41 10051 100 17,2.001551948,139.860984855,139.879377986,32103,32105,137.877826038,2,0,2.001551948,139.734599404,139.752354138,32082,32084,137.75080219,2,0,-0.12702384799999322,-0.09212782914417628
97,11:0:11 11:0:41 10054 100 17,2.001726545,227.013233482,227.022858257,849945,850073,225.021131712,2,0,2.001726545,139.069810489,139.070156889,508713,508714,137.068430344,2,0,-87.95270136799999,-39.086418550489235
98,11:0:11 11:0:41 10056 100 17,2.00218294,172.138531664,172.156009011,460587,460680,170.153826071,3,0,2.00218294,176.277041126,176.290951484,480028,480123,174.288768544,3,0,4.134942472999995,2.430120185058084
99,11:0:11 11:0:41 10055 100 17,2.001875741,176.007118977,176.022492128,275733,275802,174.020616387,3,0,2.001875741,181.149271642,181.165191797,290647,290715,179.163316056,3,0,5.142699669000024,2.9552243727049587
100,11:0:21 11:0:41 10097 100 17,2.009746874,132.813663666,132.831789609,194466,194508,130.822042735,3,0,2.009746874,136.452870884,136.470921821,202864,202917,134.461174947,3,0,3.6391322119999927,2.781742385242837
101,11:0:21 11:0:41 10094 100 17,2.008710484,435.098087298,435.100673689,10356769,10357086,433.091963205,3,0,2.008710484,439.889713489,439.891770883,10552273,10552597,437.883060399,3,0,4.791097193999974,1.1062540063187811
102,11:0:21 11:0:41 10093 100 17,2.008643486,295.383696652,295.388905238,3094882,3095122,293.380261752,3,0,2.008643486,301.028300647,301.034229835,3217626,3217879,299.025586349,3,0,5.645324596999956,1.9242346309487095
103,11:0:21 11:0:41 10091 100 17,2.008316288,115.997117872,116.016694006,104151,104186,114.008377718,3,0,2.008316288,117.001974052,117.020071394,105139,105173,115.011755106,3,0,1.0033773879999899,0.8800909267228118
104,11:0:21 11:0:41 10090 100 17,2.008278689,1145.960723554,1145.960800752,183946235,183946734,1143.952522063,3,0,2.008278689,1151.255593223,1151.255670421,185199394,185199891,1149.247391732,3,0,5.294869669000036,0.4628574671483119
105,11:0:21 11:0:41 10087 100 17,2.007285294,245.309398413,245.316215193,1140629,1140786,243.308929899,3,0,2.007285294,250.608766448,250.616563426,1191756,1191909,248.609278132,3,0,5.300348232999994,2.178443773190003
106,11:0:21 11:0:41 10086 100 17,2.007260095,202.358832076,202.372407631,707018,707140,200.365147536,3,0,2.007260095,207.887704218,207.899870386,745760,745896,205.892610291,3,0,5.527462755000016,2.7586947245937
107,11:0:21 11:0:41 10089 100 17,2.008251889,133.783548538,133.803237675,441739,441865,131.794985786,3,0,2.008251889,138.542293336,138.558347682,461674,461804,136.550095793,3,0,4.755110006999985,3.6079597252061
108,11:0:21 11:0:41 10084 100 17,2.007204297,462.781819345,462.782750945,5312323,5312559,460.775546648,3,0,2.007204297,469.529220649,469.529643449,5455976,5456212,467.522439152,3,0,6.746892504000016,1.4642470836574506
109,11:0:21 11:0:41 10096 100 17,2.009708475,463.515765433,463.518685227,5314384,5314611,461.508976752,3,0,2.009708475,460.186395808,460.188907187,5244243,5244393,458.179198712,3,0,-3.329778040000008,-0.7214980006313773
110,11:0:21 11:0:41 10083 100 17,2.006709097,430.545830363,430.548140556,10246229,10246553,428.541431459,3,0,2.006709097,435.693721069,435.69660426,10471080,10471394,433.689895163,3,0,5.148463703999994,1.2013922869655054
111,11:0:21 11:0:41 10079 100 17,2.005920105,217.848936105,217.858647271,686952,687062,215.852727166,3,0,2.005920105,223.119572429,223.131073792,720410,720547,221.125153687,3,0,5.272426521,2.4426036169305743
112,11:0:21 11:0:41 10077 100 17,2.005853107,455.559715573,455.561614766,25833768,25834178,453.555761659,3,0,2.005853107,459.780780806,459.7827712,25980065,25980491,457.776918093,3,0,4.221156434000022,0.9306808094687251
113,11:0:21 11:0:41 10076 100 17,2.005830708,522.5462519,522.548085893,13143142,13143259,520.542255185,3,0,2.005830708,519.944393817,519.946586212,13059506,13059608,517.940755504,3,0,-2.601499681000064,-0.49976724369388503
114,11:0:21 11:0:41 10099 100 17,2.010126071,263.120634413,263.127199794,1345987,1346153,261.117073723,3,0,2.010126071,266.503262536,266.510045116,1375877,1376030,264.499919045,3,0,3.382845322000037,1.2955281988142415
115,11:0:21 11:0:41 10072 100 17,2.005456717,194.065477317,194.079807872,522414,522516,192.074351155,3,0,2.005456717,200.34116274,200.354646906,554725,554836,198.349190189,3,0,6.274839034000024,3.2668802452110643
116,11:0:21 11:0:41 10071 100 17,2.005434318,3177.283440336,3177.283486334,221146771,221147131,3175.278052016,3,0,2.005434318,3131.892319918,3131.892365916,211593986,211594332,3129.886931598,3,0,-45.3911204179999,-1.429516397443709
117,11:0:21 11:0:41 10092 100 17,2.008618687,151.199423332,151.216682279,352640,352732,149.208063592,3,0,2.008618687,156.995734146,157.013644291,374695,374791,155.005025604,3,0,5.7969620119999945,3.885153303678962
118,11:0:21 11:0:41 10069 100 17,2.005385319,268.780013012,268.787355388,2625118,2625374,266.781970069,3,0,2.005385319,272.44664982,272.452962403,2707129,2707386,270.447577084,3,0,3.6656070149999778,1.3740085261578627
119,11:0:21 11:0:41 10066 100 17,2.004678523,104.409952252,104.429226986,69162,69181,102.424548463,3,0,2.004678523,105.796863895,105.818139815,70279,70304,103.813461292,3,0,1.388912829000006,1.3560351008056815
120,11:0:21 11:0:41 10065 100 17,2.004395324,145.023768704,145.039734644,120952,120991,143.03533932,3,0,2.004395324,148.40860184,148.425611978,125837,125880,146.421216654,3,0,3.385877334000014,2.3671613952864456
121,11:0:21 11:0:41 10063 100 17,2.004274327,135.511742218,135.53029856,88893,88920,133.526024233,3,0,2.004274327,138.683582435,138.697559185,92447,92470,136.693284858,3,0,3.1672606250000115,2.372017472394154
122,11:0:21 11:0:41 10062 100 17,2.004227329,156.381074371,156.398023315,171747,171801,154.393795986,3,0,2.004227329,160.54514848,160.560862632,179654,179716,158.556635303,3,0,4.162839317000021,2.6962477931286153
123,11:0:21 11:0:41 10028 100 17,2.000814573,128.660368116,128.678315656,2204,2207,126.677501083,1,0,2.000814573,128.650115772,128.650233773,2204,2204,126.6494192,1,0,-0.028081882999998697,-0.022168011493689986
124,11:0:21 11:0:41 10027 100 17,2.000776573,118.689433272,118.709265806,1335,1335,116.708489233,1,0,2.000776573,118.698938964,118.699157163,1335,1335,116.69838059,1,0,-0.010108642999995254,-0.008661446195069911
125,11:0:21 11:0:41 10025 100 17,2.000726975,95.491254367,95.51260169,3974,3976,93.511874715,1,0,2.000726975,94.74785091,94.74811551,3968,3968,92.747388535,1,0,-0.7644861800000058,-0.8175284500818338
126,11:0:21 11:0:41 10098 100 17,2.010079472,847.185623266,847.185734464,1612420,1612441,845.175654992,3,0,2.010079472,847.652283472,847.65236867,1613921,1613941,845.642289198,3,0,0.4666342059999806,0.05521150582648971
127,11:0:21 11:0:41 10070 100 17,2.005412119,522.536644135,522.538335131,13017034,13017163,520.532923012,3,0,2.005412119,525.277694666,525.27817637,13099330,13099457,523.272764251,3,0,2.739841239000043,0.5263531119504002
128,11:0:21 11:0:41 10022 100 17,2.000626178,120.096062784,120.116161314,2895,2896,118.115535136,1,0,2.000626178,120.069201149,120.069542348,2896,2897,118.06891617,1,0,-0.04661896600001114,-0.03946895380555433
129,11:0:21 11:0:41 10021 100 17,2.000587979,117.512390489,117.531918616,1159,1159,115.531330637,1,0,2.000587979,117.529924505,117.530167705,1159,1159,115.529579726,1,0,-0.00175091100000202,-0.001515529155899183
130,11:0:21 11:0:41 10053 100 17,2.00190894,134.874013981,134.891428518,182452,182514,132.889519578,2,0,2.00190894,128.078607794,128.078961994,175216,175216,126.077053054,2,0,-6.812466524000001,-5.126413689833079
131,11:0:21 11:0:41 10020 100 17,2.00056258,118.914193097,118.932621429,1842,1845,116.932058849,1,0,2.00056258,118.932929903,118.933158504,1845,1845,116.932595924,1,0,0.0005370749999968893,0.00045930517711181336
132,11:0:21 11:0:41 10067 100 17,2.004703722,273.855738487,273.861541672,1536192,1536352,271.85683795,3,0,2.004703722,280.200515233,280.207032818,1616971,1617164,278.202329096,3,0,6.345491146000029,2.3341296815815586
133,11:0:21 11:0:41 10047 100 17,2.001470152,193.924250981,193.937987334,663385,663492,191.936517182,2,0,2.001470152,144.304462958,144.304823757,500189,500194,142.303353605,2,0,-49.633163576999976,-25.85915609270763
134,11:0:21 11:0:41 10019 100 17,2.000537781,128.25167377,128.271403501,2212,2212,126.27086572,1,0,2.000537781,128.255054176,128.255191773,2212,2212,126.254653992,1,0,-0.016211728000001813,-0.012838850757506166
135,11:0:21 11:0:41 10044 100 17,2.001253558,124.795762448,124.813926782,1428,1430,122.812673224,1,0,2.001253558,124.804938456,124.805257657,1428,1428,122.804004099,1,0,-0.00866912499999728,-0.007058819560246461
136,11:0:21 11:0:41 10080 100 17,2.0066255,179.095380815,179.109928369,503520,503616,177.103302869,3,0,2.0066255,181.633540021,181.649509174,513692,513789,179.642883674,3,0,2.5395808049999857,1.4339545134731146
137,11:0:21 11:0:41 10024 100 17,2.000702176,92.100687902,92.122740423,1961,1961,90.122038247,1,0,2.000702176,91.908065333,91.908367933,1955,1955,89.907665757,1,0,-0.21437249000000236,-0.23786910967599917
138,11:0:21 11:0:41 10055 100 17,2.002065338,220.410527892,220.419084063,843911,844056,218.417018725,3,0,2.002065338,225.643578797,225.653646166,887034,887178,223.651580828,3,0,5.234562103000002,2.3965907663956476
139,11:0:21 11:0:41 10018 100 17,2.000512982,118.725866757,118.746099887,1835,1836,116.745586905,1,0,2.000512982,118.729554057,118.729782658,1836,1836,116.729269676,1,0,-0.01631722899999488,-0.013976741590474668
140,11:0:21 11:0:41 10023 100 17,2.000664377,125.931471806,125.949350147,2998,2999,123.94868577,1,0,2.000664377,125.81806398,125.818382582,2995,2995,123.817718205,1,0,-0.13096756499999174,-0.10566272985178402
141,11:0:21 11:0:41 10085 100 17,2.007233896,272.102194056,272.10810124,1454275,1454445,270.100867344,3,0,2.007233896,277.937979367,277.945386944,1526741,1526913,275.938153048,3,0,5.83728570400001,2.1611502996640337
142,11:0:21 11:0:41 10058 100 17,2.002919935,569.937099006,569.937321977,23079540,23079894,567.934402042,3,0,2.002919935,564.944972885,564.945233685,22116427,22116745,562.94231375,3,0,-4.9920882919999485,-0.8789902978321029
143,11:0:21 11:0:41 10064 100 17,2.004349125,407.515471762,407.517574153,1047903,1048052,405.513225028,3,0,2.004349125,412.516635858,412.519459643,1099776,1099936,410.515110518,3,0,5.00188548999995,1.2334703731683665
144,11:0:21 11:0:41 10017 100 17,2.000487583,116.564177159,116.581932104,2592,2594,114.581444521,1,0,2.000487583,116.316759208,116.316995208,2590,2591,114.316507625,1,0,-0.2649368959999947,-0.23122146618725706
145,11:0:21 11:0:41 10078 100 17,2.005873906,204.148327923,204.159682682,879670,879837,202.153808776,3,0,2.005873906,211.72518871,211.737473271,950500,950673,209.731599365,3,0,7.577790588999989,3.748527240165279
146,11:0:21 11:0:41 10030 100 17,2.000877771,117.514871882,117.534189608,1837,1838,115.533311837,1,0,2.000877771,117.531741897,117.532047697,1838,1838,115.531169926,1,0,-0.002141910999995389,-0.0018539336975099449
147,11:0:21 11:0:41 10073 100 17,2.005481916,291.98034236,291.985900541,2681971,2682188,289.980418625,3,0,2.005481916,296.661646869,296.666078454,2771030,2771254,294.660596538,3,0,4.680177912999966,1.6139634307695543
148,11:0:21 11:0:41 10036 100 17,2.001040165,124.007001556,124.025012899,2077,2083,122.023972734,1,0,2.001040165,124.014151363,124.014479962,2078,2078,122.013439797,1,0,-0.01053293699999358,-0.008631858776598207
149,11:0:21 11:0:41 10038 100 17,2.001090563,107.443037751,107.462994685,1657,1657,105.461904122,1,0,2.001090563,107.279086682,107.279319683,1657,1657,105.27822912,1,0,-0.1836750020000011,-0.17416241772718508
150,11:0:21 11:0:41 10014 100 17,2.000401586,122.316048122,122.333725662,1894,1894,120.333324076,1,0,2.000401586,122.322793862,122.323108862,1894,1894,120.322707276,1,0,-0.010616799999993987,-0.008822826163506162
151,11:0:21 11:0:41 10000 100 17,2.0,123.694898845,123.71234698,2084,2084,121.71234698,1,0,2.0,123.702522287,123.702828887,2084,2084,121.702828887,1,0,-0.009518093000011163,-0.007820154023958796
152,11:0:21 11:0:41 10054 100 17,2.002014139,8.883968849,8.904472178,295,295,6.902458039,2,0,2.002014139,9.38303903,9.383294031,308,308,7.381279892,2,0,0.47882185300000035,6.936975933712016
153,11:0:21 11:0:41 10074 100 17,2.005620513,255.818788238,255.827290009,1172748,1172901,253.821669496,3,0,2.005620513,261.993900482,262.00137986,1236253,1236414,259.995759347,3,0,6.174089850999991,2.432451832524602
154,11:0:21 11:0:41 10016 100 17,2.000464584,75.522543753,75.541788483,1516,1517,73.541323899,1,0,2.000464584,75.245238834,75.245299433,1510,1510,73.244834849,1,0,-0.29648905000000525,-0.40315979408692265
155,11:0:21 11:0:41 10003 100 17,2.000086197,101.249826458,101.270073592,2817,2818,99.269987395,1,0,2.000086197,101.02615951,101.02626551,2814,2814,99.026179313,1,0,-0.24380808200000104,-0.2456010002599044
156,11:0:21 11:0:41 10004 100 17,2.000111196,125.142256831,125.161231177,1692,1692,123.161119981,1,0,2.000111196,125.159423541,125.15953754,1692,1692,123.159426344,1,0,-0.001693637000002468,-0.0013751393298987089
157,11:0:21 11:0:41 10068 100 17,2.00533732,451.196900579,451.198247372,7367608,7367690,449.192910052,3,0,2.00533732,455.582435579,455.583979772,7456201,7456295,453.578642452,3,0,4.385732399999995,0.9763583310992795
158,11:0:21 11:0:41 10005 100 17,2.000149395,128.172065058,128.190669792,2212,2212,126.190520397,1,0,2.000149395,128.18355543,128.18386563,2212,2212,126.183716235,1,0,-0.006804161999994562,-0.005391975545063464
159,11:0:21 11:0:41 10088 100 17,2.007310493,244.839058756,244.846265732,1114770,1114915,242.838955239,3,0,2.007310493,249.903293809,249.911652789,1163551,1163696,247.904342296,3,0,5.0653870570000095,2.0859038254446034
160,11:0:21 11:0:41 10039 100 17,2.001115562,128.215811298,128.23566383,2212,2212,126.234548268,1,0,2.001115562,128.2197517,128.220095699,2212,2212,126.218980137,1,0,-0.015568130999994878,-0.012332702270176653
161,11:0:21 11:0:41 10015 100 17,2.000439785,124.061789965,124.079538696,2071,2079,122.079098911,1,0,2.000439785,124.069909564,124.070245564,2074,2075,122.069805779,1,0,-0.009293131999996262,-0.007612385807968067
162,11:0:21 11:0:41 10006 100 17,2.000174594,121.752346301,121.771944635,1971,1972,119.771770041,1,0,2.000174594,121.760810371,121.76087157,1972,1972,119.760696976,1,0,-0.011073064999990834,-0.009245137644872684
163,11:0:21 11:0:41 10041 100 17,2.00116596,106.332691299,106.351360432,1767,1767,104.350194472,1,0,2.00116596,106.18994483,106.190023229,1761,1761,104.188857269,1,0,-0.1613372030000022,-0.15461131032515074
164,11:0:21 11:0:41 10011 100 17,2.000299989,123.689974063,123.707739197,2084,2084,121.707439208,1,0,2.000299989,123.696584716,123.696639316,2084,2084,121.696339327,1,0,-0.011099880999992706,-0.009120133553235665
165,11:0:21 11:0:41 10056 100 17,2.002090137,265.980870282,265.987720466,1397347,1397507,263.985630329,3,0,2.002090137,272.701992414,272.708249198,1475177,1475344,270.706159061,3,0,6.720528731999991,2.545793391717697
166,11:0:21 11:0:41 10081 100 17,2.006649899,306.414007719,306.418450905,2289711,2289922,304.411801006,3,0,2.006649899,313.856696913,313.861084498,2379276,2379487,311.854434599,3,0,7.442633592999982,2.4449228211271894
167,11:0:21 11:0:41 10034 100 17,2.000990367,85.4190268,85.437883537,2282,2283,83.43689317,1,0,2.000990367,85.084340633,85.084643033,2272,2272,83.083652666,1,0,-0.3532405039999986,-0.42336248460292303
168,11:0:21 11:0:41 10007 100 17,2.000199993,108.147037799,108.165866127,7252,7256,106.165666134,1,0,2.000199993,107.314724941,107.335006067,7213,7213,105.334806074,1,0,-0.8308600600000062,-0.7826071179653435
169,11:0:21 11:0:41 10060 100 17,2.002979933,260.117860158,260.123840341,1266574,1266729,258.120860408,3,0,2.002979933,266.808824789,266.816357967,1339362,1339535,264.813378034,3,0,6.692517625999983,2.592784486856824
170,11:0:21 11:0:41 10049 100 17,2.00152975,8.902899185,8.922765312,295,296,6.921235562,2,0,2.00152975,9.388998004,9.389837201,308,309,7.388307451,2,0,0.4670718890000005,6.74838885074781
171,11:0:21 11:0:41 10051 100 17,2.001735344,5871.191827309,5871.191882909,4054645,4054646,5869.190147565,2,0,2.001735344,5871.211470817,5871.211526417,4054662,4054662,5869.209791073,2,0,0.019643507999717258,0.0003346885601903173
172,11:0:21 11:0:41 10008 100 17,2.000224792,100.880543982,100.902273509,4140,4142,98.902048717,1,0,2.000224792,100.547353452,100.547578653,4134,4134,98.547353861,1,0,-0.35469485599999473,-0.3586324657590508
173,11:0:21 11:0:41 10035 100 17,2.001015366,121.620179761,121.638794087,1972,1972,119.637778721,1,0,2.001015366,121.615289136,121.615590536,1972,1972,119.61457517,1,0,-0.023203551000008815,-0.019394836019248074
174,11:0:21 11:0:41 10002 100 17,2.000063198,97.333028237,97.35327177,1679,1679,95.353208572,1,0,2.000063198,97.24333119,97.24339219,1679,1679,95.243328992,1,0,-0.10987957999999765,-0.11523427648166548
175,11:0:21 11:0:41 10010 100 17,2.00027499,128.206206331,128.226501066,2212,2212,126.226226076,1,0,2.00027499,128.219935698,128.220121098,2212,2212,126.219846108,1,0,-0.00637996800000451,-0.005054391783972986
176,11:0:21 11:0:41 10031 100 17,2.00090257,123.690344061,123.708011795,2084,2084,121.707109225,1,0,2.00090257,123.696609915,123.696664715,2084,2084,121.695762145,1,0,-0.01134707999999307,-0.009323268026205206
177,11:0:21 11:0:41 10082 100 17,2.006688298,101.272255981,101.29228011,87002,87042,99.285591812,3,0,2.006688298,99.520473974,99.538355913,83739,83777,97.531667615,3,0,-1.7539241970000035,-1.766544535808486
178,11:0:21 11:0:41 10075 100 17,2.005645912,258.704446128,258.712690705,2118311,2118539,256.707044793,3,0,2.005645912,263.596886597,263.604013376,2221015,2221247,261.598367464,3,0,4.891322670999955,1.905410377398935
179,11:0:21 11:0:41 10012 100 17,2.000324988,112.971418084,112.989564817,1385,1387,110.989239829,1,0,2.000324988,112.932901431,112.933033832,1381,1381,110.932708844,1,0,-0.05653098499999487,-0.05093375275575505
180,11:0:21 11:0:41 10029 100 17,2.000852972,118.193272604,118.212348529,2942,2943,116.211495557,1,0,2.000852972,117.929684993,117.929985593,2936,2936,115.929132621,1,0,-0.2823629360000126,-0.24297332604373703
181,11:0:21 11:0:41 10033 100 17,2.000965168,111.843889766,111.863591499,1681,1681,109.862626331,1,0,2.000965168,111.667523032,111.667780632,1676,1676,109.666815464,1,0,-0.19581086700000583,-0.17823246497863282
182,11:0:21 11:0:41 10026 100 17,2.000753974,75.305117911,75.325753443,1079,1080,73.324999469,1,0,2.000753974,75.269016343,75.269335142,1079,1079,73.268581168,1,0,-0.05641830100000789,-0.07694279087429132
183,11:0:21 11:0:41 10040 100 17,2.001140961,125.336488966,125.355739301,2086,2086,123.35459834,1,0,2.001140961,125.333223491,125.333529491,2086,2086,123.33238853,1,0,-0.022209809999992558,-0.018004849676358292
184,11:0:21 11:0:41 10032 100 17,2.000927369,125.578713697,125.593623239,1050,1053,123.59269587,1,0,2.000927369,125.578921035,125.579197634,1050,1050,123.578270265,1,0,-0.014425604999999564,-0.011671891205587929
185,11:0:21 11:0:41 10095 100 17,2.009597079,197.691604528,197.706941486,590297,590413,195.697344407,3,0,2.009597079,203.179507541,203.19031771,621095,621218,201.180720631,3,0,5.483376224000011,2.8019676202636674
186,11:0:21 11:0:41 10037 100 17,2.001065364,125.336464167,125.355714102,2086,2086,123.354648738,1,0,2.001065364,125.333198692,125.333504292,2086,2086,123.332438928,1,0,-0.022209809999992558,-0.018004842320264107
187,11:0:21 11:0:41 10043 100 17,2.001215558,123.149885815,123.168727354,1351,1352,121.167511796,1,0,2.001215558,123.094128367,123.094246166,1351,1351,121.093030608,1,0,-0.07448118799999293,-0.06146960261541965
188,11:0:21 11:0:41 10001 100 17,2.000024999,126.664447869,126.681568603,1245,1246,124.681543604,1,0,2.000024999,126.681616648,126.681798052,1245,1245,124.681773053,1,0,0.0002294490000025462,0.00018402803925117998
189,11:0:21 11:0:41 10045 100 17,2.001291757,163.89052578,163.906911527,285996,286064,161.90561977,2,0,2.001291757,127.850720409,127.851021409,222857,222862,125.849729652,2,0,-36.05589011799999,-22.269696486891746
190,11:0:21 11:0:41 10013 100 17,2.000363387,117.504922121,117.524903649,1113,1114,115.524540262,1,0,2.000363387,117.5064032,117.506670399,1112,1113,115.506307012,1,0,-0.01823325000000864,-0.0157830102233319
191,11:0:21 11:0:41 10042 100 17,2.001190759,118.916622689,118.934798821,1845,1845,116.933608062,1,0,2.001190759,118.915537977,118.915791576,1845,1845,116.914600817,1,0,-0.019007245000011608,-0.01625473233489355
192,11:0:21 11:0:41 10046 100 17,2.001324756,239.258829357,239.26801933,952940,953064,237.266694574,2,0,2.001324756,148.582879448,148.583197648,575412,575416,146.581872892,2,0,-90.684821682,-38.22062841344837
193,11:0:21 11:0:41 10059 100 17,2.002957534,3486.313361775,3486.313405373,220458970,220459368,3484.310447839,3,0,2.002957534,3441.128900128,3441.128943726,210878764,210879102,3439.125986192,3,0,-45.18446164700026,-1.2967978118891232
194,11:0:21 11:0:41 10048 100 17,2.001492151,2439.108255026,2439.108332224,100120,100120,2437.106840073,2,0,2.001492151,2439.12104407,2439.121121268,100121,100121,2437.119629117,2,0,0.012789043999873684,0.000524763370632147
195,11:0:21 11:0:41 10061 100 17,2.003593531,208.025187424,208.036448789,561244,561351,206.032855258,3,0,2.003593531,213.268147403,213.279676372,589825,589931,211.276082841,3,0,5.243227582999992,2.544850226161395
196,11:0:21 11:0:41 10009 100 17,2.000249991,123.739804879,123.75680062,2079,2079,121.756550629,1,0,2.000249991,123.747844728,123.748150328,2079,2079,121.747900337,1,0,-0.008650291999998672,-0.007104580373960055
197,11:0:21 11:0:41 10050 100 17,2.001580949,192.098837622,192.112140377,639807,639920,190.110559428,2,0,2.001580949,130.967789671,130.968103671,441411,441416,128.966522722,2,0,-61.14403670599998,-32.162356941123456
198,11:0:21 11:0:41 10052 100 17,2.001762144,238.741342542,238.749417517,948639,948764,236.747655373,2,0,2.001762144,148.766461844,148.766793043,574624,574626,146.765030899,2,0,-89.98262447399998,-38.0078207457771
199,11:0:21 11:0:41 10057 100 17,2.002306136,143.221427647,143.240294181,93990,94014,141.237988045,3,0,2.002306136,145.774541346,145.789680696,96704,96730,143.78737456,3,0,2.5493865149999806,1.8050289092108258
200,11:0:31 11:0:41 10099 100 17,2.008080881,339.926173158,339.931626736,6742192,6742516,337.923545855,3,0,2.008080881,342.168696628,342.172764615,6737901,6738227,340.164683734,3,0,2.241137879000007,0.6632085590039528
201,11:0:31 11:0:41 10095 100 17,2.007070086,366.020426676,366.023660262,7217688,7217994,364.016590176,3,0,2.007070086,371.03852316,371.041404547,7405401,7405713,369.034334461,3,0,5.017744284999992,1.3784383515525873
202,11:0:31 11:0:41 10092 100 17,2.006860689,302.233518531,302.23727272,2264168,2264393,300.230412031,3,0,2.006860689,306.257718039,306.262101626,2308830,2309026,304.255240937,3,0,4.024828905999982,1.3405800161192205
203,11:0:31 11:0:41 10090 100 17,2.006133093,309.285745708,309.289387297,4256992,4257275,307.283254204,3,0,2.006133093,314.097754908,314.101788893,4385738,4386024,312.0956558,3,0,4.812401595999972,1.5661125460501346
204,11:0:31 11:0:41 10088 100 17,2.006058896,206.221528176,206.233295539,715683,715804,204.227236643,3,0,2.006058896,210.314651536,210.328067701,742799,742920,208.322008805,3,0,4.094772161999998,2.005007867367797
205,11:0:31 11:0:41 10087 100 17,2.006033897,184.65857712,184.674289068,540567,540675,182.668255171,3,0,2.006033897,191.166011496,191.180232259,578334,578461,189.174198362,3,0,6.505943191,3.561616759797501
206,11:0:31 11:0:41 10085 100 17,2.005983699,187.627250304,187.64400305,452564,452640,185.638019351,3,0,2.005983699,188.77827176,188.793233915,456396,456475,186.787250216,3,0,1.1492308649999927,0.6190708503666235
207,11:0:31 11:0:41 10084 100 17,2.0053745,208.060504306,208.072658469,713175,713293,206.067283969,3,0,2.0053745,213.60683158,213.618102547,749972,750110,211.612728047,3,0,5.545444078000003,2.6910841794926745
208,11:0:31 11:0:41 10080 100 17,2.005204104,456.665609628,456.666780225,5236048,5236298,454.661576121,3,0,2.005204104,448.593007145,448.594900335,5077261,5077340,446.589696231,3,0,-8.071879889999991,-1.7753600290717784
209,11:0:31 11:0:41 10079 100 17,2.005178505,303.894925333,303.899933718,4655157,4655449,301.894755213,3,0,2.005178505,306.462459629,306.466604616,4666769,4667064,304.461426111,3,0,2.566670897999984,0.8501873098752858
210,11:0:31 11:0:41 10078 100 17,2.005140906,1832.341412976,1832.341466974,519229656,519230249,1830.336326068,3,0,2.005140906,1836.83618322,1836.836237218,521199655,521200273,1834.831096312,3,0,4.4947702439999375,0.24557072817626793
211,11:0:31 11:0:41 10076 100 17,2.004816508,156.360903638,156.378249185,186522,186559,154.373432677,3,0,2.004816508,155.32328082,155.338301777,183864,183896,153.333485269,3,0,-1.0399474080000175,-0.6736569822709906
212,11:0:31 11:0:41 10075 100 17,2.004767509,132.508989489,132.529743823,112293,112323,130.524976314,3,0,2.004767509,135.125101013,135.144230947,115438,115468,133.139463438,3,0,2.614487123999993,2.0030550457334693
213,11:0:31 11:0:41 10093 100 17,2.006898288,273.465305379,273.472494361,1484315,1484487,271.465596073,3,0,2.006898288,280.063621232,280.070125417,1567374,1567556,278.063227129,3,0,6.5976310560000115,2.430374659419398
214,11:0:31 11:0:41 10074 100 17,2.004325511,220.333679929,220.345072495,657887,657999,218.340746984,3,0,2.004325511,227.247497982,227.256937552,701740,701862,225.252612041,3,0,6.911865057,3.165632229657299
215,11:0:31 11:0:41 10073 100 17,2.00377952,588.369463144,588.369826701,18894858,18895113,586.366047181,3,0,2.00377952,596.19745169,596.197654619,19178452,19178709,594.193875099,3,0,7.827827918000025,1.3349729159170984
216,11:0:31 11:0:41 10072 100 17,2.003740321,1619.195572503,1619.195639301,225884120,225884533,1617.19189898,3,0,2.003740321,1624.73347754,1624.733544338,227240223,227240656,1622.729804017,3,0,5.5379050370002005,0.3424395732190524
217,11:0:31 11:0:41 10070 100 17,2.003690923,151.908568304,151.922869454,251202,251256,149.919178531,3,0,2.003690923,153.241792555,153.257783908,253776,253827,151.254092985,3,0,1.3349144539999998,0.8904227378246797
218,11:0:31 11:0:41 10081 100 17,2.005242503,458.33500579,458.335453388,5263921,5264150,456.330210885,3,0,2.005242503,463.911186158,463.912064357,5374918,5375136,461.906821854,3,0,5.576610969000001,1.2220560541421979
219,11:0:31 11:0:41 10069 100 17,2.003664123,239.382317767,239.390405539,1830785,1831014,237.386741416,3,0,2.003664123,197.63197571,197.645721863,1030260,1030445,195.64205774,3,0,-41.744683675999994,-17.585094865448276
220,11:0:31 11:0:41 10068 100 17,2.003538124,231.090921443,231.099047616,774617,774741,229.095509492,3,0,2.003538124,237.989032688,237.997250862,826440,826581,235.993712738,3,0,6.8982032460000084,3.011059999079071
221,11:0:31 11:0:41 10066 100 17,2.002896727,144.228033121,144.246410059,102171,102200,142.243513332,3,0,2.002896727,146.033655492,146.050794433,103908,103939,144.047897706,3,0,1.8043843739999943,1.2685178618925947
222,11:0:31 11:0:41 10071 100 17,2.003716122,131.565785319,131.584576047,147643,147703,129.580859925,3,0,2.003716122,137.253119529,137.269785671,159259,159333,135.266069549,3,0,5.685209624000009,4.387383775111963
223,11:0:31 11:0:41 10065 100 17,2.002867128,741.101072247,741.101132247,46532402,46532768,739.098265119,3,0,2.002867128,725.005100973,725.005160973,43740415,43740759,723.002293845,3,0,-16.095971273999908,-2.177785016368337
224,11:0:31 11:0:41 10064 100 17,2.002818129,145.895776084,145.911327026,95468,95507,143.908508897,3,0,2.002818129,148.78549998,148.803355528,98258,98294,146.800537399,3,0,2.8920285020000165,2.009629954591452
225,11:0:31 11:0:41 10063 100 17,2.002755131,192.953838907,192.966559866,413205,413292,190.963804735,3,0,2.002755131,198.630950828,198.644805394,437699,437790,196.642050263,3,0,5.678245527999991,2.9734669016883477
226,11:0:31 11:0:41 10062 100 17,2.002737732,501.352482052,501.353534846,12686003,12686123,499.350797114,3,0,2.002737732,505.261380412,505.262063211,12797996,12798120,503.259325479,3,0,3.908528364999995,0.7827219637155585
227,11:0:31 11:0:41 10061 100 17,2.002712533,213.633965757,213.644182922,838286,838421,211.641470389,3,0,2.002712533,218.54916053,218.558128301,879407,879546,216.555415768,3,0,4.913945378999983,2.321825382316652
228,11:0:31 11:0:41 10060 100 17,2.002662935,232.689625129,232.698272902,1022811,1022947,230.695609967,3,0,2.002662935,238.112409316,238.120375694,1075149,1075289,236.117712759,3,0,5.422102792000004,2.3503276862423226
229,11:0:31 11:0:41 10059 100 17,2.002625336,734.927217322,734.927532631,46467069,46467444,732.924907295,3,0,2.002625336,737.037395736,737.037455736,46371373,46371743,735.0348304,3,0,2.109923105000007,0.28787711865149773
230,11:0:31 11:0:41 10021 100 17,2.000601778,118.929123045,118.948157974,1841,1845,116.947556196,1,0,2.000601778,118.927613521,118.927904722,1840,1840,116.927302944,1,0,-0.020253251999989175,-0.017318234479432332
231,11:0:31 11:0:41 10024 100 17,2.000689175,114.332298089,114.350817426,3822,3822,112.350128251,1,0,2.000689175,113.808141148,113.808389149,3809,3809,111.807699974,1,0,-0.5424282769999991,-0.4828016535843795
232,11:0:31 11:0:41 10083 100 17,2.005298501,281.376791298,281.38266048,3128107,3128374,279.377361979,3,0,2.005298501,286.398726519,286.4041133,3258502,3258763,284.398814799,3,0,5.021452819999979,1.7973728380961043
233,11:0:31 11:0:41 10020 100 17,2.000576779,123.996536789,124.014067135,2075,2083,122.013490356,1,0,2.000576779,124.005018608,124.005090008,2077,2077,122.004513229,1,0,-0.008977127000008522,-0.0073574872531028054
234,11:0:31 11:0:41 10027 100 17,2.000799172,121.950806996,121.970600335,1369,1373,119.969801163,1,0,2.000799172,121.956533447,121.956852247,1369,1371,119.956053075,1,0,-0.013748087999999825,-0.011459623894283727
235,11:0:31 11:0:41 10055 100 17,2.001717343,181.615589308,181.631082462,521165,521268,179.629365119,3,0,2.001717343,185.662114763,185.679773314,543532,543645,183.678055971,3,0,4.048690851999993,2.2539136901796852
236,11:0:31 11:0:41 10018 100 17,2.000526381,124.002917169,124.020278712,2071,2076,122.019752331,1,0,2.000526381,124.006210803,124.006454803,2071,2071,122.005928422,1,0,-0.013823909000009849,-0.011329238697772527
237,11:0:31 11:0:41 10025 100 17,2.000751374,97.441341853,97.460885185,1708,1708,95.460133811,1,0,2.000751374,97.094655947,97.094888947,1707,1707,95.094137573,1,0,-0.36599623800000813,-0.3834021841249859
238,11:0:31 11:0:41 10040 100 17,2.001197359,124.971423228,124.989432162,2089,2089,122.988234803,1,0,2.001197359,124.984368605,124.984656804,2089,2089,122.983459445,1,0,-0.0047753580000033935,-0.00388277627339921
239,11:0:31 11:0:41 10013 100 17,2.000388186,117.567939486,117.584848622,1838,1838,115.584460436,1,0,2.000388186,117.579633922,117.579919323,1837,1838,115.579531137,1,0,-0.004929298999996945,-0.004264672760856409
240,11:0:31 11:0:41 10082 100 17,2.005272102,379.741093445,379.743971635,1509374,1509452,377.738699533,3,0,2.005272102,381.495658262,381.499051853,1520096,1520169,379.493779751,3,0,1.7550802179999891,0.46462811995959175
241,11:0:31 11:0:41 10002 100 17,2.000049998,126.794685221,126.814477755,1123,1123,124.814427757,1,0,2.000049998,126.799915208,126.800233008,1123,1123,124.80018301,1,0,-0.014244747000006441,-0.011412740703133615
242,11:0:31 11:0:41 10014 100 17,2.000413585,89.279630134,89.299250866,3452,3453,87.298837281,1,0,2.000413585,89.015296194,89.035426914,3445,3445,87.035013329,1,0,-0.26382395200000985,-0.30220786463719523
243,11:0:31 11:0:41 10094 100 17,2.007023887,349.685250731,349.689551714,2914841,2915051,347.682527827,3,0,2.007023887,355.353765584,355.357371369,3018948,3019158,353.350347482,3,0,5.667819655000017,1.6301709753503095
244,11:0:31 11:0:41 10003 100 17,2.000088197,88.856283221,88.876634351,1474,1474,86.876546154,1,0,2.000088197,88.690942002,88.691126401,1472,1472,86.691038204,1,0,-0.18550795000000164,-0.2135305306350055
245,11:0:31 11:0:41 10097 100 17,2.008004083,1613.542051043,1613.542327442,208189294,208189703,1611.534323359,3,0,2.008004083,1618.197457869,1618.197535067,209184388,209184802,1616.189530984,3,0,4.655207625000003,0.2888680406940961
246,11:0:31 11:0:41 10052 100 17,2.001610546,128.946991917,128.967218649,149576,149624,126.965608103,2,0,2.001610546,128.652553963,128.652870363,149190,149191,126.651259817,2,0,-0.31434828599999776,-0.24758538213354975
247,11:0:31 11:0:41 10089 100 17,2.006083695,125.401043937,125.42069787,91902,91936,123.414614175,3,0,2.006083695,129.706132556,129.730079869,97564,97601,127.723996174,3,0,4.30938199900001,3.4917923033729004
248,11:0:31 11:0:41 10015 100 17,2.000438384,117.361945024,117.37997256,1055,1055,115.379534176,1,0,2.000438384,117.361220765,117.361539365,1055,1055,115.361100981,1,0,-0.01843319500000007,-0.015976139210167085
249,11:0:31 11:0:41 10004 100 17,2.000112996,111.880778238,111.900032567,4633,4634,109.899919571,1,0,2.000112996,111.535027728,111.535253129,4614,4615,109.535140133,1,0,-0.36477943799999935,-0.3319196587440052
250,11:0:31 11:0:41 10005 100 17,2.000137995,121.434220041,121.45201157,1954,1954,119.451873575,1,0,2.000137995,121.438020826,121.438115429,1954,1954,119.437977434,1,0,-0.01389614099998937,-0.011633254953731999
251,11:0:31 11:0:41 10016 100 17,2.000476183,125.34784093,125.365897667,2083,2086,123.365421484,1,0,2.000476183,125.351830216,125.352136616,2084,2084,123.351660433,1,0,-0.013761050999988811,-0.011154706752064689
252,11:0:31 11:0:41 10000 100 17,2.0,117.52791763,117.54723396,1838,1838,115.54723396,1,0,2.0,117.528460514,117.52881651,1838,1838,115.52881651,1,0,-0.018417450000001168,-0.015939325736154704
253,11:0:31 11:0:41 10017 100 17,2.000501382,75.490085662,75.510053796,1201,1201,73.509552414,1,0,2.000501382,75.310782996,75.311074194,1199,1199,73.310572812,1,0,-0.19897960199999432,-0.27068536736471593
254,11:0:31 11:0:41 10029 100 17,2.000875571,124.129419714,124.148028451,2736,2736,122.14715288,1,0,2.000875571,124.003689011,124.003929012,2733,2733,122.003053441,1,0,-0.14409943899998723,-0.11797199983986006
255,11:0:31 11:0:41 10098 100 17,2.008041682,991.667792943,991.667850141,79345884,79346285,989.659808459,3,0,2.008041682,997.732472898,997.732530096,80099945,80100320,995.724488414,3,0,6.064679954999974,0.612804511526369
256,11:0:31 11:0:41 10022 100 17,2.000626577,120.079475832,120.09952357,2889,2896,118.098896993,1,0,2.000626577,120.057946401,120.058245,2896,2897,118.057618423,1,0,-0.0412785700000029,-0.03495254490179496
257,11:0:31 11:0:41 10007 100 17,2.000212192,126.938325493,126.956345622,1089,1092,124.95613343,1,0,2.000212192,126.942288497,126.942551697,1089,1089,124.942339505,1,0,-0.01379392499998744,-0.011039013949415095
258,11:0:31 11:0:41 10026 100 17,2.000774373,128.168192273,128.18623561,2052,2052,126.185461237,1,0,2.000774373,128.168866885,128.169090686,2052,2052,126.168316313,1,0,-0.01714492399999301,-0.013587083513362625
259,11:0:31 11:0:41 10032 100 17,2.000962368,118.929147844,118.948183373,1842,1845,116.947221005,1,0,2.000962368,118.942775859,118.943010658,1842,1843,116.94204829,1,0,-0.005172715000000494,-0.00442311921185313
260,11:0:31 11:0:41 10038 100 17,2.001142361,123.08293485,123.102960985,1097,1097,121.101818624,1,0,2.001142361,123.033957596,123.034191197,1097,1097,121.033048836,1,0,-0.06876978799999733,-0.05678675083610059
261,11:0:31 11:0:41 10009 100 17,2.00027499,118.917789686,118.935850819,1844,1845,116.935575829,1,0,2.00027499,118.927563923,118.927855124,1845,1845,116.927580134,1,0,-0.007995695000005298,-0.006837692415948549
262,11:0:31 11:0:41 10056 100 17,2.001846943,194.753725844,194.767480003,448731,448827,192.76563306,3,0,2.001846943,199.639312642,199.656060995,471145,471246,197.654214052,3,0,4.888580991999987,2.536023104532525
263,11:0:31 11:0:41 10001 100 17,2.000024799,70.990565971,71.0098465,1104,1106,69.009821701,1,0,2.000024799,70.791332573,70.791557974,1098,1098,68.791533175,1,0,-0.21828852600000914,-0.3163151572044215
264,11:0:31 11:0:41 10010 100 17,2.000300189,113.548281842,113.567148387,1623,1624,111.566848198,1,0,2.000300189,113.528208196,113.528523397,1623,1623,111.528223208,1,0,-0.03862499000000241,-0.03462049042691772
265,11:0:31 11:0:41 10067 100 17,2.002921526,550.433377225,550.434586024,38468992,38469456,548.431664498,3,0,2.002921526,556.400196176,556.400736777,39033793,39034278,554.397815251,3,0,5.966150752999965,1.0878567265916357
266,11:0:31 11:0:41 10023 100 17,2.000664776,108.607713341,108.627660876,5143,5143,106.6269961,1,0,2.000664776,108.174279044,108.174502445,5134,5134,106.173837669,1,0,-0.45315843100000563,-0.424994089278302
267,11:0:31 11:0:41 10019 100 17,2.00055138,118.917814485,118.935875618,1844,1845,116.935324238,1,0,2.00055138,118.927588722,118.927879923,1845,1845,116.927328543,1,0,-0.007995695000005298,-0.006837707127515681
268,11:0:31 11:0:41 10042 100 17,2.001246957,128.178333239,128.19737597,2212,2212,126.196129013,1,0,2.001246957,128.183866229,128.184197029,2212,2212,126.182950072,1,0,-0.013178941000006716,-0.010443221280304959
269,11:0:31 11:0:41 10012 100 17,2.000363187,127.533389533,127.552832462,2214,2217,125.552469275,1,0,2.000363187,127.529119998,127.529426198,2214,2214,125.529063011,1,0,-0.023406264000001897,-0.01864261542219031
270,11:0:31 11:0:41 10011 100 17,2.000337988,121.753329497,121.773077629,1972,1972,119.772739641,1,0,2.000337988,121.752579604,121.752915803,1970,1972,119.752577815,1,0,-0.020161826000006045,-0.016833401373666457
271,11:0:31 11:0:41 10077 100 17,2.004833907,164.828831481,164.847503835,235093,235153,162.842669928,3,0,2.004833907,169.683178523,169.699864864,247091,247155,167.695030957,3,0,4.852361029000008,2.9797847401700386
272,11:0:31 11:0:41 10028 100 17,2.000837172,120.133608256,120.152648182,1622,1624,118.15181101,1,0,2.000837172,120.086597092,120.086915893,1619,1619,118.086078721,1,0,-0.06573228899999606,-0.055633754944672556
273,11:0:31 11:0:41 10034 100 17,2.001037365,120.048631333,120.067016477,2887,2895,118.065979112,1,0,2.001037365,119.970838122,119.971149122,2879,2879,117.970111757,1,0,-0.09586735499999577,-0.0811981196624422
274,11:0:31 11:0:41 10030 100 17,2.00091197,89.168451536,89.19025366,1490,1493,87.18934169,1,0,2.00091197,88.927258727,88.927460129,1478,1478,86.926548159,1,0,-0.2627935309999998,-0.30140556850900085
275,11:0:31 11:0:41 10033 100 17,2.000987567,149.17817982,149.195141961,3957,3963,147.194154394,1,0,2.000987567,148.72689177,148.727120371,3929,3929,146.726132804,1,0,-0.4680215900000064,-0.3179620766373886
276,11:0:31 11:0:41 10035 100 17,2.001067164,97.835386384,97.854134314,2216,2218,95.85306715,1,0,2.001067164,97.612829429,97.613101228,2202,2202,95.612034064,1,0,-0.24103308600000162,-0.2514610050222077
277,11:0:31 11:0:41 10036 100 17,2.001092363,125.025661629,125.044631766,2090,2090,123.043539403,1,0,2.001092363,125.022542069,125.022792069,2090,2090,123.021699706,1,0,-0.02183969699999011,-0.017749568247105888
278,11:0:31 11:0:41 10039 100 17,2.00117216,114.155270311,114.174213446,2768,2770,112.173041286,1,0,2.00117216,113.977149544,113.977383144,2764,2764,111.976210984,1,0,-0.19683030199999507,-0.17547023753965107
279,11:0:31 11:0:41 10043 100 17,2.001272356,125.660636789,125.677316128,2080,2080,123.676043772,1,0,2.001272356,125.672015905,125.672254905,2080,2080,123.670982549,1,0,-0.005061222999998449,-0.004092322850599058
280,11:0:31 11:0:41 10031 100 17,2.000937369,125.233812321,125.251179056,2080,2080,123.250241687,1,0,2.000937369,125.234035665,125.234107064,2080,2080,123.233169695,1,0,-0.017071991999998204,-0.01385148764523591
281,11:0:31 11:0:41 10037 100 17,2.001117162,125.497422394,125.513747128,2085,2086,123.512629966,1,0,2.001117162,125.508876668,125.509127468,2086,2086,123.508010306,1,0,-0.004619660000003023,-0.0037402328824790642
282,11:0:31 11:0:41 10047 100 17,2.001420151,227.104314793,227.11320697,1116957,1117124,225.111786819,2,0,2.001420151,166.217517638,166.217757238,772958,772964,164.216337087,2,0,-60.895449732,-27.05120446712223
283,11:0:31 11:0:41 10041 100 17,2.001222158,121.608999003,121.628130135,1972,1972,119.626907977,1,0,2.001222158,121.625263301,121.625472499,1972,1972,119.624250341,1,0,-0.0026576359999950228,-0.0022216038556358837
284,11:0:31 11:0:41 10048 100 17,2.00145575,167.210642507,167.226303654,340943,341038,165.224847904,2,0,2.00145575,135.759104832,135.759588432,269179,269185,133.758132682,2,0,-31.466715222000005,-19.044783893693154
285,11:0:31 11:0:41 10044 100 17,2.001297755,117.692290598,117.709951537,1847,1847,115.708653782,1,0,2.001297755,117.559858004,117.560008803,1847,1847,115.558711048,1,0,-0.14994273399999258,-0.12958644759837154
286,11:0:31 11:0:41 10096 100 17,2.007981484,182.512851398,182.528996148,824090,824222,180.521014664,3,0,2.007981484,183.938816544,183.953047106,835333,835467,181.945065622,3,0,1.424050957999981,0.788856056814514
287,11:0:31 11:0:41 10045 100 17,2.001335954,208.27125082,208.283748379,548754,548852,206.282412425,2,0,2.001335954,175.925053981,175.925304981,459746,459748,173.923969027,2,0,-32.35844339799999,-15.686477105635388
288,11:0:31 11:0:41 10086 100 17,2.006008498,205.549621534,205.560657897,591780,591894,203.554649399,3,0,2.006008498,211.173799955,211.183869327,627071,627188,209.177860829,3,0,5.623211429999998,2.7625069958375623
289,11:0:31 11:0:41 10046 100 17,2.001357953,214.345392971,214.355176936,846504,846634,212.353818983,2,0,2.001357953,163.005521622,163.005741023,656253,656283,161.00438307,2,0,-51.34943591300001,-24.181074849005093
290,11:0:31 11:0:41 10006 100 17,2.000162794,75.357589325,75.37759326,923,924,73.377430466,1,0,2.000162794,75.225224306,75.225548907,921,921,73.225386113,1,0,-0.15204435300000796,-0.2072086090156276
291,11:0:31 11:0:41 10049 100 17,2.001496949,158.564048152,158.581531493,206797,206842,156.580034544,2,0,2.001496949,140.682156563,140.682426963,195030,195049,138.680930014,2,0,-17.89910452999999,-11.431281505414551
292,11:0:31 11:0:41 10091 100 17,2.00682309,321.197885142,321.20160593,4660456,4660740,319.19478284,3,0,2.00682309,324.973329213,324.978300594,4741075,4741360,322.971477504,3,0,3.77669466399999,1.183194358754009
293,11:0:31 11:0:41 10050 100 17,2.001533748,2410.431406222,2410.43145982,502896,502896,2408.429926072,2,0,2.001533748,2410.445927468,2410.445981066,502900,502900,2408.444447318,2,0,0.014521246000185783,0.0006029341291182607
294,11:0:31 11:0:41 10051 100 17,2.001573747,130.319854531,130.336985879,130032,130078,128.335412132,2,0,2.001573747,124.82961256,124.829876359,123750,123752,122.828302612,2,0,-5.507109519999986,-4.291184660969197
295,11:0:31 11:0:41 10053 100 17,2.001645745,140.024567097,140.040518238,275081,275167,138.038872493,2,0,2.001645745,133.773115034,133.773422034,263507,263510,131.771776289,2,0,-6.267096204000012,-4.540095185374553
296,11:0:31 11:0:41 10054 100 17,2.001689144,217.750750018,217.761847586,894714,894864,215.760158442,2,0,2.001689144,154.270454297,154.270669697,616110,616115,152.268980553,2,0,-63.491177889,-29.42673862842361
297,11:0:31 11:0:41 10008 100 17,2.000249991,127.364943546,127.384544876,2211,2211,125.384294885,1,0,2.000249991,127.36811137,127.36818737,2211,2211,125.367937379,1,0,-0.01635750600000563,-0.013045897028019664
298,11:0:31 11:0:41 10058 100 17,2.002575938,113.620372987,113.637790534,119664,119701,111.635214596,3,0,2.002575938,115.927760408,115.948692932,123115,123159,113.946116994,3,0,2.310902397999996,2.0700478844090453
299,11:0:31 11:0:41 10057 100 17,2.002551739,414.397879074,414.400963065,9422525,9422876,412.398411326,3,0,2.002551739,419.172728334,419.173383533,9643425,9643775,417.170831794,3,0,4.772420468000007,1.157235415300235
