,flow id:,first send:_no_sp,last send:_no_sp,last arrive:_no_sp,send num:_no_sp,receive num:_no_sp,send size:_no_sp,receive size:_no_sp,FCT:_no_sp,origin_pg:_no_sp,transfer delay:_no_sp,first send:_sp,last send:_sp,last arrive:_sp,send num:_sp,receive num:_sp,send size:_sp,receive size:_sp,FCT:_sp,origin_pg:_sp,transfer delay:_sp,FCT Change,FCT % Change
0,11:0:11 11:0:41 10099 100 17,2.015403313,28.571043532,28.60590003,11413,11439,1050000,1050000,26.590496717,3,0,2.015403313,28.928315497,28.960114207,11773,11799,1050000,1050000,26.944710894,3,0,0.35421417699999935,1.3321081616859791
1,11:0:11 11:0:41 10097 100 17,2.014783314,51.747150961,51.747775359,12632,12656,1049369,1049369,49.732992045,3,0,2.014783314,52.190542388,52.191166786,13028,13053,1049369,1049369,50.176383472,3,0,0.44339142699999456,0.8915438399499468
2,11:0:11 11:0:41 10096 100 17,2.014472115,29.157748939,29.166205119,12275,12302,1049895,1049895,27.151733004,3,0,2.014472115,29.454685162,29.461175149,12653,12679,1049895,1049895,27.446703034,3,0,0.2949700299999982,1.0863764385004198
3,11:0:11 11:0:41 10093 100 17,2.013635917,29.098306286,29.108219463,12127,12154,1049740,1049740,27.094583546,3,0,2.013635917,29.379920937,29.389026116,12470,12497,1049740,1049740,27.375390199,3,0,0.2808066530000026,1.0363940546392285
4,11:0:11 11:0:41 10092 100 17,2.013324718,28.561917158,28.597058856,11408,11434,1050000,1050000,26.583734138,3,0,2.013324718,28.920384919,28.952468829,11771,11797,1050000,1050000,26.939144111,3,0,0.35540997300000043,1.3369452581605579
5,11:0:11 11:0:41 10090 100 17,2.01270232,25.735027806,25.770530104,7026,7046,795176,795176,23.757827784,3,0,2.01270232,26.367229629,26.400700135,7307,7328,795176,795176,24.387997815,3,0,0.6301700309999987,2.6524732678818155
6,11:0:11 11:0:41 10098 100 17,2.015094513,28.694065781,28.714563527,11558,11584,1049040,1049040,26.699469014,3,0,2.015094513,29.038814795,29.057495549,11921,11948,1049040,1049040,27.042401036,3,0,0.3429320219999994,1.2844151388186082
7,11:0:11 11:0:41 10088 100 17,2.012222921,29.132425801,29.141474181,12315,12342,1049383,1049383,27.12925126,3,0,2.012222921,29.409938863,29.417934846,12646,12673,1049383,1049383,27.405711925,3,0,0.27646066499999833,1.0190501107106424
8,11:0:11 11:0:41 10087 100 17,2.011911722,28.557786771,28.592928469,11403,11429,1050000,1050000,26.581016747,3,0,2.011911722,28.914627136,28.946711046,11766,11792,1050000,1050000,26.934799324,3,0,0.3537825770000005,1.3309595353982435
9,11:0:11 11:0:41 10086 100 17,2.011608523,29.134964194,29.144097573,12222,12249,1049795,1049795,27.13248905,3,0,2.011608523,29.426091625,29.43348121,12599,12625,1049795,1049795,27.421872687,3,0,0.28938363700000025,1.0665576477953107
10,11:0:11 11:0:41 10085 100 17,2.011297324,28.555416577,28.590558275,11402,11428,1050000,1050000,26.579260951,3,0,2.011297324,28.914004738,28.946088648,11765,11791,1050000,1050000,26.934791324,3,0,0.35553037300000057,1.3376232456404111
11,11:0:11 11:0:41 10084 100 17,2.011170925,30.646213432,30.64646823,46061,46089,1048715,1048715,28.635297305,3,0,2.011170925,21.885010841,21.885341042,22949,22968,1048715,1048715,19.874170117,3,0,-8.761127188000003,-30.595551688126616
12,11:0:11 11:0:41 10078 100 17,2.009311731,28.553246184,28.588387882,11397,11423,1048980,1048980,26.579076151,3,0,2.009311731,28.911227947,28.943311857,11761,11787,1048980,1048980,26.934000126,3,0,0.35492397500000195,1.3353510595463207
13,11:0:11 11:0:41 10077 100 17,2.009081931,29.876419443,29.878508642,19173,19200,1049280,1049280,27.869426711,3,0,2.009081931,30.078093515,30.079646115,19591,19619,1049280,1049280,28.070564184,3,0,0.2011374729999993,0.7217137083075009
14,11:0:11 11:0:41 10076 100 17,2.008770732,28.551779588,28.586921286,11396,11422,1050000,1050000,26.578150554,3,0,2.008770732,28.909429353,28.941513263,11761,11787,1050000,1050000,26.932742531,3,0,0.35459197699999834,1.3341484249611657
15,11:0:11 11:0:41 10075 100 17,2.008459533,28.551468389,28.586610087,11396,11422,1050000,1050000,26.578150554,3,0,2.008459533,28.907624759,28.939708669,11761,11787,1050000,1050000,26.931249136,3,0,0.3530985820000012,1.3285295426504387
16,11:0:11 11:0:41 10074 100 17,2.008440334,23.097605763,23.133719659,4948,4958,379564,379564,21.125279325,3,0,2.008440334,22.591741081,22.626838984,4817,4826,379564,379564,20.61839865,3,0,-0.5068806750000014,-2.3994034218527496
17,11:0:11 11:0:41 10072 100 17,2.007899335,30.389070925,30.389532525,19708,19732,1049280,1049280,28.38163319,3,0,2.007899335,23.549323335,23.58334844,14813,14831,1049280,1049280,21.575449105,3,0,-6.806184084999998,-23.980945844223275
18,11:0:11 11:0:41 10070 100 17,2.007276937,28.549626794,28.584768492,11396,11422,1050000,1050000,26.577491555,3,0,2.007276937,28.907002361,28.939086271,11760,11786,1050000,1050000,26.931809334,3,0,0.3543177789999987,1.3331498131295285
19,11:0:11 11:0:41 10069 100 17,2.006965738,28.549315595,28.584457293,11396,11422,1050000,1050000,26.577491555,3,0,2.006965738,28.906691162,28.938775072,11760,11786,1050000,1050000,26.931809334,3,0,0.3543177789999987,1.3331498131295285
20,11:0:11 11:0:41 10068 100 17,2.006654539,28.549004396,28.584146094,11396,11422,1050000,1050000,26.577491555,3,0,2.006654539,28.906379963,28.938463873,11760,11786,1050000,1050000,26.931809334,3,0,0.3543177789999987,1.3331498131295285
21,11:0:11 11:0:41 10067 100 17,2.00635134,28.986458588,29.000511755,12028,12055,1049740,1049740,26.994160415,3,0,2.00635134,29.298614937,29.31083871,12406,12433,1049740,1049740,27.30448737,3,0,0.31032695500000074,1.149607730817068
22,11:0:11 11:0:41 10091 100 17,2.013013519,28.560553963,28.595695661,11406,11432,1050000,1050000,26.582682142,3,0,2.013013519,28.918525725,28.950609635,11768,11794,1050000,1050000,26.937596116,3,0,0.35491397400000224,1.3351322944167725
23,11:0:11 11:0:41 10066 100 17,2.00612154,29.869640654,29.872622651,19198,19225,1049280,1049280,27.866501111,3,0,2.00612154,30.071087123,30.073235723,19614,19642,1049280,1049280,28.067114183,3,0,0.20061307199999945,0.7199076453872051
24,11:0:11 11:0:41 10065 100 17,2.005810341,28.699973964,28.719845912,11564,11590,1048780,1048780,26.714035571,3,0,2.005810341,29.02681403,29.045513583,11923,11950,1048780,1048780,27.039703242,3,0,0.3256676710000015,1.2190882584342182
25,11:0:11 11:0:41 10082 100 17,2.010556527,29.111031054,29.120467632,12166,12193,1049799,1049799,27.109911105,3,0,2.010556527,29.40222968,29.410527263,12522,12549,1049799,1049799,27.399970736,3,0,0.29005963100000187,1.069939439773762
26,11:0:11 11:0:41 10064 100 17,2.005791142,28.617580994,28.640274132,11449,11475,1048716,1048716,26.63448299,3,0,2.005791142,28.970022579,28.98934733,11815,11841,1048716,1048716,26.983556188,3,0,0.3490731980000028,1.3106062472887627
27,11:0:11 11:0:41 10063 100 17,2.005487943,29.031642868,29.044163437,12025,12051,1049740,1049740,27.038675494,3,0,2.005487943,29.347417218,29.358164193,12409,12436,1049740,1049740,27.35267625,3,0,0.31400075599999866,1.1613022837219849
28,11:0:11 11:0:41 10061 100 17,2.005155145,45.582142786,45.582767184,20927,20939,1049772,1049772,43.577612039,3,0,2.005155145,46.264869868,46.265494266,21238,21251,1049772,1049772,44.260339121,3,0,0.6827270819999995,1.566692276274775
29,11:0:11 11:0:41 10060 100 17,2.004846345,28.790484316,28.807608473,11620,11646,1049040,1049040,26.802762128,3,0,2.004846345,29.124327576,29.139903339,11981,12007,1049040,1049040,27.135056994,3,0,0.332294865999998,1.2397784393007019
30,11:0:11 11:0:41 10012 100 17,2.00060319,4.931486419,4.974537863,270,272,8239,8239,2.973934673,1,0,2.00060319,4.300815211,4.30116981,270,272,8239,8239,2.30056662,1,0,-0.6733680529999999,-22.642328330660003
31,11:0:11 11:0:41 10036 100 17,2.001965767,3.950105716,3.994811317,124,125,8364,8364,1.99284555,1,0,2.001965767,3.950105716,3.994811317,124,125,8364,8364,1.99284555,1,0,0.0,0.0
32,11:0:11 11:0:41 10024 100 17,2.001231178,3.621965904,3.668420478,116,117,8198,8198,1.6671893,1,0,2.001231178,3.621965904,3.668420478,116,117,8198,8198,1.6671893,1,0,0.0,0.0
33,11:0:11 11:0:41 10008 100 17,2.000334193,3.961281262,4.005779873,126,128,8325,8325,2.00544568,1,0,2.000334193,3.961281262,4.005779873,126,128,8325,8325,2.00544568,1,0,0.0,0.0
34,11:0:11 11:0:41 10034 100 17,2.001876169,3.79473845,3.840419831,118,119,8396,8396,1.838543662,1,0,2.001876169,3.79473845,3.840419831,118,119,8396,8396,1.838543662,1,0,0.0,0.0
35,11:0:11 11:0:41 10026 100 17,2.001364576,4.122245569,4.166754181,148,149,8300,8300,2.165389605,1,0,2.001364576,4.076625674,4.076768472,148,149,8300,8300,2.075403896,1,0,-0.08998570900000002,-4.155635955405819
36,11:0:11 11:0:41 10022 100 17,2.00113678,3.724997803,3.771810575,121,121,8278,8278,1.770673795,1,0,2.00113678,3.724997803,3.771810575,121,121,8278,8278,1.770673795,1,0,0.0,0.0
37,11:0:11 11:0:41 10027 100 17,2.001432375,4.074904569,4.11983078,136,138,8316,8316,2.118398405,1,0,2.001432375,4.075058084,4.075345483,136,138,8316,8316,2.073913108,1,0,-0.044485297000000035,-2.0999495135099493
38,11:0:11 11:0:41 10049 100 17,2.002894755,5.265782608,5.308384259,305,308,53473,53473,3.305489504,2,0,2.002894755,5.57016294,5.612352991,312,315,53473,53473,3.609458236,2,0,0.30396873199999996,9.195876484622472
39,11:0:11 11:0:41 10017 100 17,2.000813585,4.469502953,4.511797595,169,171,8255,8255,2.51098401,1,0,2.000813585,4.462819525,4.463136725,169,171,8255,8255,2.46232314,1,0,-0.04866086999999997,-1.9379203454186855
40,11:0:11 11:0:41 10089 100 17,2.01252612,29.156831342,29.165287522,12521,12548,1049205,1049205,27.152761402,3,0,2.01252612,4.615752914,4.616652513,3623,3625,1049205,1049205,2.604126393,3,0,-24.548635008999998,-90.40934969948144
41,11:0:11 11:0:41 10016 100 17,2.000749786,4.142354286,4.186952904,152,153,8295,8295,2.186203118,1,0,2.000749786,4.10355292,4.10389412,152,153,8295,8295,2.103144334,1,0,-0.08305878399999989,-3.7992253929261794
42,11:0:11 11:0:41 10023 100 17,2.001184579,4.273745149,4.316498572,161,163,8348,8348,2.315313993,1,0,2.001184579,4.173601986,4.173942386,161,163,8348,8348,2.172757807,1,0,-0.1425561860000002,-6.157099487628768
43,11:0:11 11:0:41 10073 100 17,2.008129135,28.689115995,28.70934214,11512,11538,1048659,1048659,26.701213005,3,0,2.008129135,29.037285199,29.055965953,11879,11906,1048659,1048659,27.047836818,3,0,0.3466238130000008,1.2981575516254371
44,11:0:11 11:0:41 10015 100 17,2.000727187,5.936743851,5.978047308,311,313,8207,8207,3.977320121,1,0,2.000727187,5.926079623,5.926298222,311,312,8207,8207,3.925571035,1,0,-0.051749086000000055,-1.301104372433291
45,11:0:11 11:0:41 10014 100 17,2.000668988,3.931218,3.97635659,127,127,8451,8451,1.975687602,1,0,2.000668988,3.931218,3.97635659,127,127,8451,8451,1.975687602,1,0,0.0,0.0
46,11:0:11 11:0:41 10053 100 17,2.003370751,6.032594123,6.075081582,417,421,65685,65685,4.071710831,2,0,2.003370751,6.356951339,6.398931803,432,436,65685,65685,4.395561052,2,0,0.3238502209999998,7.953664551381297
47,11:0:11 11:0:41 10059 100 17,2.004543146,29.21240021,29.217761599,12247,12273,1049807,1049807,27.213218453,3,0,2.004543146,29.499825264,29.504684256,12598,12625,1049807,1049807,27.50014111,3,0,0.28692265700000164,1.0543503242571117
48,11:0:11 11:0:41 10013 100 17,2.000646989,6.827075463,6.866451131,410,413,8268,8268,4.865804142,1,0,2.000646989,6.814550381,6.814858182,410,411,8268,8268,4.814211193,1,0,-0.05159294899999978,-1.060317010186798
49,11:0:11 11:0:41 10048 100 17,2.002679356,9.91791451,9.955771594,1264,1271,65847,65847,7.953092238,2,0,2.002679356,10.433600304,10.470805393,1327,1335,65847,65847,8.468126037,2,0,0.5150337989999993,6.475893697537667
50,11:0:11 11:0:41 10020 100 17,2.000991382,3.167841577,3.21531513,70,71,8651,8651,1.214323748,1,0,2.000991382,3.167841577,3.21531513,70,71,8651,8651,1.214323748,1,0,0.0,0.0
51,11:0:11 11:0:41 10025 100 17,2.001297777,4.095566286,4.140713094,135,135,8232,8232,2.139415317,1,0,2.001297777,4.1072177,4.1075263,135,135,8232,8232,2.106228523,1,0,-0.03318679400000013,-1.551208581909958
52,11:0:11 11:0:41 10003 100 17,2.000134797,5.767261224,5.809420084,345,348,8227,8227,3.809285287,1,0,2.000134797,4.748391565,4.748642965,328,330,8227,8227,2.748508168,1,0,-1.060777119,-27.84714294358914
53,11:0:11 11:0:41 10046 100 17,2.002411957,9.917837711,9.955516195,1261,1268,65613,65613,7.953104238,2,0,2.002411957,10.433557904,10.470584393,1324,1332,65613,65613,8.468172436,2,0,0.5150681979999998,6.476316449355707
54,11:0:11 11:0:41 10001 100 17,2.000068399,4.010585455,4.055702664,156,158,8247,8247,2.055634265,1,0,2.000068399,4.010585455,4.010730653,156,158,8247,8247,2.010662254,1,0,-0.044972011000000034,-2.1877437910872746
55,11:0:11 11:0:41 10004 100 17,2.000174997,5.482030825,5.523901478,268,271,8226,8226,3.523726481,1,0,2.000174997,5.477575688,5.47775729,268,270,8226,8226,3.477582293,1,0,-0.046144187999999975,-1.3095280876313842
56,11:0:11 11:0:41 10002 100 17,2.000103398,4.219408165,4.262371988,140,142,8276,8276,2.26226859,1,0,2.000103398,4.219297572,4.219695971,140,142,8276,8276,2.219592573,1,0,-0.04267601700000023,-1.8864257404555236
57,11:0:11 11:0:41 10095 100 17,2.014168916,29.306421004,29.310982797,12642,12668,1049806,1049806,27.296813881,3,0,2.014168916,29.572582137,29.575943134,12992,13017,1049806,1049806,27.561774218,3,0,0.26496033700000154,0.9706639688979515
58,11:0:11 11:0:41 10044 100 17,2.002331559,4.007221666,4.052321675,121,123,8333,8333,2.049990116,1,0,2.002331559,4.007221666,4.118916837,121,123,8333,8333,2.116585278,1,0,0.06659516200000004,3.2485601506187964
59,11:0:11 11:0:41 10057 100 17,2.003932747,28.857738733,28.873909692,11779,11804,1049599,1049599,26.869976945,3,0,2.003932747,29.185881018,29.200824982,12150,12177,1049599,1049599,27.196892235,3,0,0.32691528999999875,1.2166563844440945
60,11:0:11 11:0:41 10071 100 17,2.007588136,28.549937993,28.585079691,11396,11422,1050000,1050000,26.577491555,3,0,2.007588136,28.90731356,28.93939747,11761,11787,1050000,1050000,26.931809334,3,0,0.3543177789999987,1.3331498131295285
61,11:0:11 11:0:41 10006 100 17,2.000245595,3.847392997,3.892731182,122,123,8230,8230,1.892485587,1,0,2.000245595,3.847392997,3.892731182,122,123,8230,8230,1.892485587,1,0,0.0,0.0
62,11:0:11 11:0:41 10009 100 17,2.000390792,3.215473929,3.262726486,71,72,8442,8442,1.262335694,1,0,2.000390792,3.215473929,3.262726486,71,72,8442,8442,1.262335694,1,0,0.0,0.0
63,11:0:11 11:0:41 10028 100 17,2.001486174,3.197466006,3.244122961,71,72,8422,8422,1.242636787,1,0,2.001486174,3.197466006,3.244122961,71,72,8422,8422,1.242636787,1,0,0.0,0.0
64,11:0:11 11:0:41 10018 100 17,2.000853184,4.108827428,4.153287837,169,171,8321,8321,2.152434653,1,0,2.000853184,4.064740735,4.065065735,169,171,8321,8321,2.064212551,1,0,-0.08822210200000002,-4.09871221302996
65,11:0:11 11:0:41 10021 100 17,2.001070181,3.985204351,4.030967949,132,134,8378,8378,2.029897768,1,0,2.001070181,3.985204351,4.037541256,132,134,8378,8378,2.036471075,1,0,0.006573307000000028,0.3238245345959722
66,11:0:11 11:0:41 10010 100 17,2.000425991,3.884121821,3.929438607,129,130,8422,8422,1.929012616,1,0,2.000425991,3.884121821,3.929438607,129,130,8422,8422,1.929012616,1,0,0.0,0.0
67,11:0:11 11:0:41 10000 100 17,2.0,4.669805394,4.713078029,221,223,8213,8213,2.713078029,1,0,2.0,4.27477672,4.27509012,221,223,8213,8213,2.27509012,1,0,-0.43798790899999984,-16.143579518110492
68,11:0:11 11:0:41 10039 100 17,2.002121964,3.619151124,3.665978292,122,123,8291,8291,1.663856328,1,0,2.002121964,3.619151124,3.665978292,122,123,8291,8291,1.663856328,1,0,0.0,0.0
69,11:0:11 11:0:41 10005 100 17,2.000216996,7.254069662,7.292341535,482,486,8267,8267,5.292124539,1,0,2.000216996,7.23346676,7.23353616,481,483,8267,8267,5.233319164,1,0,-0.05880537499999949,-1.1111865294672632
70,11:0:11 11:0:41 10079 100 17,2.00962293,28.679123622,28.699636767,11522,11547,1048829,1048829,26.690013837,3,0,2.00962293,29.024304633,29.043004186,11886,11912,1048829,1048829,27.033381256,3,0,0.3433674189999998,1.2865014649186666
71,11:0:11 11:0:41 10029 100 17,2.001548373,3.924656228,3.969747023,152,153,8199,8199,1.96819865,1,0,2.001548373,3.924656228,3.969747023,152,153,8199,8199,1.96819865,1,0,0.0,0.0
72,11:0:11 11:0:41 10038 100 17,2.002097765,5.60596479,5.648015844,280,283,8237,8237,3.645918079,1,0,2.002097765,5.598138638,5.598465438,280,282,8237,8237,3.596367673,1,0,-0.049550405999999825,-1.3590652594583386
73,11:0:11 11:0:41 10043 100 17,2.00228476,5.990071465,6.032075326,311,315,8305,8305,4.029790566,1,0,2.00228476,5.971164469,5.971500668,311,313,8305,8305,3.969215908,1,0,-0.06057465800000017,-1.503171368534098
74,11:0:11 11:0:41 10030 100 17,2.001614572,5.907510154,5.948653208,362,365,8228,8228,3.947038636,1,0,2.001614572,4.748465963,4.748710563,343,345,8228,8228,2.747095991,1,0,-1.1999426449999997,-30.401086882089484
75,11:0:11 11:0:41 10031 100 17,2.001647971,4.242865867,4.284964295,187,189,8327,8327,2.283316324,1,0,2.001647971,4.124654409,4.124922209,187,189,8327,8327,2.123274238,1,0,-0.1600420859999998,-7.009194666450422
76,11:0:11 11:0:41 10032 100 17,2.00171197,3.052196953,3.100509707,65,66,8317,8317,1.098797737,1,0,2.00171197,3.052196953,3.100509707,65,66,8317,8317,1.098797737,1,0,0.0,0.0
77,11:0:11 11:0:41 10033 100 17,2.00182597,3.769011785,3.815781951,132,133,8282,8282,1.813955981,1,0,2.00182597,3.769011785,3.815781951,132,133,8282,8282,1.813955981,1,0,0.0,0.0
78,11:0:11 11:0:41 10052 100 17,2.003341952,24.897106065,24.932232961,7736,7756,65538,65538,22.928891009,2,0,2.003341952,13.767248256,13.767511856,4852,4854,65538,65538,11.764169904,2,0,-11.164721105000002,-48.69280900073906
79,11:0:11 11:0:41 10081 100 17,2.010245328,28.554179781,28.589321479,11401,11427,1050000,1050000,26.579076151,3,0,2.010245328,28.911850345,28.943934255,11764,11790,1050000,1050000,26.933688927,3,0,0.35461277599999974,1.3341802174966038
80,11:0:11 11:0:41 10019 100 17,2.000889983,3.520766,3.568032372,92,93,8502,8502,1.567142389,1,0,2.000889983,3.520766,3.568032372,92,93,8502,8502,1.567142389,1,0,0.0,0.0
81,11:0:11 11:0:41 10035 100 17,2.001934368,4.284252098,4.327071925,151,152,8204,8204,2.325137557,1,0,2.001934368,4.175369775,4.175673575,151,152,8204,8204,2.173739207,1,0,-0.15139835000000001,-6.511371748488772
82,11:0:11 11:0:41 10037 100 17,2.002049366,4.629938549,4.672683785,218,220,8272,8272,2.670634419,1,0,2.002049366,4.355949367,4.356289967,218,220,8272,8272,2.354240601,1,0,-0.3163938180000003,-11.84714072989712
83,11:0:11 11:0:41 10080 100 17,2.009934129,28.553868582,28.58901028,11400,11426,1050000,1050000,26.579076151,3,0,2.009934129,28.911539146,28.943623056,11764,11790,1050000,1050000,26.933688927,3,0,0.35461277599999974,1.3341802174966038
84,11:0:11 11:0:41 10040 100 17,2.002175963,3.888583798,3.933836389,118,119,8229,8229,1.931660426,1,0,2.002175963,3.888583798,3.933836389,118,119,8229,8229,1.931660426,1,0,0.0,0.0
85,11:0:11 11:0:41 10058 100 17,2.004243946,29.312270592,29.316333386,12884,12910,1049978,1049978,27.31208944,3,0,2.004243946,29.579282728,29.582466925,13233,13259,1049978,1049978,27.578222979,3,0,0.26613353899999836,0.974416620832501
86,11:0:11 11:0:41 10041 100 17,2.002232162,3.198096404,3.244907957,62,63,8249,8249,1.242675795,1,0,2.002232162,3.198096404,3.244907957,62,63,8249,8249,1.242675795,1,0,0.0,0.0
87,11:0:11 11:0:41 10083 100 17,2.010859726,28.744584442,28.762982194,11613,11639,1049126,1049126,26.752122468,3,0,2.010859726,29.083714682,29.099910642,11980,12007,1049126,1049126,27.089050916,3,0,0.3369284480000019,1.2594456697894698
88,11:0:11 11:0:41 10042 100 17,2.002263161,7.083883019,7.123109493,458,462,8253,8253,5.120846332,1,0,2.002263161,7.062658916,7.062877917,457,459,8253,8253,5.060614756,1,0,-0.06023157600000051,-1.1762035432232243
89,11:0:11 11:0:41 10007 100 17,2.000276994,3.782418131,3.828799297,122,123,8352,8352,1.828522303,1,0,2.000276994,3.782418131,3.828799297,122,123,8352,8352,1.828522303,1,0,0.0,0.0
90,11:0:11 11:0:41 10045 100 17,2.002389958,10.83812553,10.875060421,1530,1538,65726,65726,8.872670463,2,0,2.002389958,11.400550913,11.444519176,1606,1615,65726,65726,9.442129218,2,0,0.5694587549999994,6.418121324067025
91,11:0:11 11:0:41 10047 100 17,2.002657357,10.071051238,10.109394923,1297,1305,65686,65686,8.106737566,2,0,2.002657357,5.095732262,5.096173663,924,926,65686,65686,3.093516306,2,0,-5.01322126,-61.84018193737592
92,11:0:11 11:0:41 10094 100 17,2.013939116,29.872418849,29.875094047,19185,19212,1049280,1049280,27.861154931,3,0,2.013939116,30.075332918,30.077345118,19599,19627,1049280,1049280,28.063406002,3,0,0.20225107099999917,0.7259249356348916
93,11:0:11 11:0:41 10062 100 17,2.005466344,53.928325437,53.928930637,20393,20410,1049468,1049468,51.923464293,3,0,2.005466344,54.205127475,54.205732675,20704,20721,1049468,1049468,52.200266331,3,0,0.2768020379999996,0.5330962441913112
94,11:0:11 11:0:41 10011 100 17,2.00048939,3.377622709,3.425089677,87,87,8664,8664,1.424600287,1,0,2.00048939,3.377622709,3.425089677,87,87,8664,8664,1.424600287,1,0,0.0,0.0
95,11:0:11 11:0:41 10050 100 17,2.003112554,8.423527475,8.463302752,900,906,66208,66208,6.460190198,2,0,2.003112554,8.966302267,9.005797743,938,945,66208,66208,7.002685189,2,0,0.5424949909999999,8.397508035722385
96,11:0:11 11:0:41 10051 100 17,2.003319953,9.467041727,9.504983006,1147,1154,65558,65558,7.501663053,2,0,2.003319953,9.992867918,10.029892002,1200,1208,65558,65558,8.026572049,2,0,0.5249089960000006,6.997235043635872
97,11:0:11 11:0:41 10054 100 17,2.00357795,10.376962315,10.414728202,1382,1390,65657,65657,8.411150252,2,0,2.00357795,10.892273079,10.92940037,1447,1455,65657,65657,8.92582242,2,0,0.5146721679999988,6.118927287948759
98,11:0:11 11:0:41 10056 100 17,2.003621548,28.573828323,28.608684821,11415,11441,1050000,1050000,26.605063273,3,0,2.003621548,28.930781089,28.962579799,11778,11804,1050000,1050000,26.958958251,3,0,0.3538949779999996,1.3301790503883069
99,11:0:11 11:0:41 10055 100 17,2.003599949,28.816253048,28.833041403,11678,11704,1049744,1049744,26.829441454,3,0,2.003599949,29.151324309,29.166299072,12048,12075,1049744,1049744,27.162699123,3,0,0.3332576689999982,1.242134203842372
100,11:0:21 11:0:41 10097 100 17,2.016796113,28.57830151,28.613158008,11419,11445,1050000,1050000,26.596361895,3,0,2.016796113,28.933482882,28.965300791,11782,11808,1050000,1050000,26.948504678,3,0,0.3521427829999979,1.3240261370717745
101,11:0:21 11:0:41 10094 100 17,2.015866916,29.449144353,29.452407349,13485,13511,1049971,1049971,27.436540433,3,0,2.015866916,29.715149936,29.717961534,13858,13884,1049971,1049971,27.702094618,3,0,0.26555418499999917,0.9678850934157759
102,11:0:21 11:0:41 10093 100 17,2.015560117,30.218005078,30.218620676,16254,16282,1049653,1049653,28.203060559,3,0,2.015560117,30.47759792,30.478213518,16699,16726,1049653,1049653,28.462653401,3,0,0.259592842,0.9204420969027072
103,11:0:21 11:0:41 10091 100 17,2.015019118,28.574139522,28.60899602,11418,11444,1050000,1050000,26.593976902,3,0,2.015019118,28.931092288,28.962910197,11778,11804,1050000,1050000,26.947891079,3,0,0.35391417700000005,1.3308057621625742
104,11:0:21 11:0:41 10090 100 17,2.014707919,28.985527392,28.999602158,11961,11987,1049941,1049941,26.984894239,3,0,2.014707919,29.291150957,29.304004128,12333,12360,1049941,1049941,27.289296209,3,0,0.3044019700000007,1.128045814461866
105,11:0:21 11:0:41 10087 100 17,2.013869522,28.573517124,28.608373622,11414,11440,1050000,1050000,26.5945041,3,0,2.013869522,28.930166691,28.961965401,11774,11800,1050000,1050000,26.948095879,3,0,0.3535917789999985,1.3295671078145748
106,11:0:21 11:0:41 10086 100 17,2.013558323,28.572894726,28.607751224,11413,11439,1050000,1050000,26.594192901,3,0,2.013558323,28.929855492,28.961654202,11774,11799,1050000,1050000,26.948095879,3,0,0.3539029780000007,1.3307528426128443
107,11:0:21 11:0:41 10089 100 17,2.01448392,32.307353564,32.307803562,20289,20316,1049104,1049104,30.293319642,3,0,2.01448392,26.536733149,26.571093853,14853,14870,1049104,1049104,24.556609933,3,0,-5.736709708999999,-18.937210503157832
108,11:0:21 11:0:41 10084 100 17,2.012943925,29.051223015,29.063413183,12081,12108,1049740,1049740,27.050469258,3,0,2.012943925,29.352664604,29.36310038,12451,12478,1049740,1049740,27.350156455,3,0,0.2996871970000008,1.1078816938133902
109,11:0:21 11:0:41 10096 100 17,2.016484914,10.695777955,10.733866843,1437,1445,306000,306000,8.717381929,3,0,2.016484914,11.212139103,11.253217978,1505,1514,306000,306000,9.236733064,3,0,0.5193511349999991,5.957650349955191
110,11:0:21 11:0:41 10083 100 17,2.012632726,28.56773134,28.602873038,11413,11439,1050000,1050000,26.590240312,3,0,2.012632726,28.928004298,28.959803008,11773,11799,1050000,1050000,26.947170282,3,0,0.3569299699999995,1.3423345024787887
111,11:0:21 11:0:41 10079 100 17,2.011397529,28.997339362,29.010665728,12075,12102,1049796,1049796,26.999268199,3,0,2.011397529,29.307496917,29.319284692,12458,12485,1049796,1049796,27.307887163,3,0,0.3086189640000008,1.1430641813152234
112,11:0:21 11:0:41 10077 100 17,2.010775131,28.561605959,28.596747657,11406,11432,1050000,1050000,26.585972526,3,0,2.010775131,28.919459322,28.951543232,11768,11794,1050000,1050000,26.940768101,3,0,0.3547955750000007,1.3345217093451258
113,11:0:21 11:0:41 10076 100 17,2.010471932,28.94122271,28.957680467,11961,11987,1049740,1049740,26.947208535,3,0,2.010471932,29.258917632,29.273334398,12338,12365,1049740,1049740,27.262862466,3,0,0.31565393099999994,1.171378959679691
114,11:0:21 11:0:41 10099 100 17,2.017408912,29.696170957,29.698829353,12768,12794,933436,933436,27.681420441,3,0,2.017408912,28.740191237,28.740739237,13016,13039,933436,933436,26.723330325,3,0,-0.958090116000001,-3.461130609399428
115,11:0:21 11:0:41 10072 100 17,2.009322336,29.275527269,29.280125861,12111,12136,1048620,1048620,27.270803525,3,0,2.009322336,29.552313969,29.556039165,12461,12486,1048620,1048620,27.546716829,3,0,0.27591330399999947,1.011753481143528
116,11:0:21 11:0:41 10071 100 17,2.009019137,28.970245834,28.984878996,11988,12014,1049740,1049740,26.975859859,3,0,2.009019137,29.284824969,29.297974541,12368,12395,1049740,1049740,27.288955404,3,0,0.3130955449999995,1.1606508435190468
117,11:0:21 11:0:41 10092 100 17,2.015330317,29.907919552,29.908776951,19196,19223,1049280,1049280,27.893446634,3,0,2.015330317,30.108410234,30.108871834,19620,19647,1049280,1049280,28.093541517,3,0,0.20009488299999845,0.7173544582909231
118,11:0:21 11:0:41 10069 100 17,2.008404739,28.554802179,28.589943877,11402,11428,1050000,1050000,26.581539138,3,0,2.008404739,28.913087141,28.945171051,11765,11791,1050000,1050000,26.936766312,3,0,0.3552271739999995,1.336367966338637
119,11:0:21 11:0:41 10066 100 17,2.007481541,29.38839985,29.391854244,13235,13262,1049146,1049146,27.384372703,3,0,2.007481541,29.65777521,29.660426807,13612,13639,1049146,1049146,27.652945266,3,0,0.2685725629999993,0.9807511967238774
120,11:0:21 11:0:41 10065 100 17,2.007251741,29.883756026,29.885205225,19198,19225,1049280,1049280,27.877953484,3,0,2.007251741,30.0853873,30.0862369,19622,19649,1049280,1049280,28.078985159,3,0,0.2010316749999994,0.7211134601949084
121,11:0:21 11:0:41 10063 100 17,2.006629343,28.581319102,28.6161756,11420,11446,1050000,1050000,26.609546257,3,0,2.006629343,28.936716075,28.968533984,11785,11811,1050000,1050000,26.961904641,3,0,0.35235838399999864,1.3241803546624025
122,11:0:21 11:0:41 10062 100 17,2.006318144,28.581007903,28.615864401,11420,11446,1050000,1050000,26.609546257,3,0,2.006318144,28.936404876,28.968222785,11785,11811,1050000,1050000,26.961904641,3,0,0.35235838399999864,1.3241803546624025
123,11:0:21 11:0:41 10028 100 17,2.001403774,5.514454315,5.556737963,269,271,8310,8310,3.555334189,1,0,2.001403774,5.498708604,5.498958403,268,270,8310,8310,3.497554629,1,0,-0.05777955999999973,-1.6251513058537896
124,11:0:21 11:0:41 10027 100 17,2.001349975,4.245701257,4.287883083,155,156,8317,8317,2.286533108,1,0,2.001349975,4.156284852,4.156602053,155,156,8317,8317,2.155252078,1,0,-0.1312810299999998,-5.7414882618878655
125,11:0:21 11:0:41 10025 100 17,2.001237977,4.128407346,4.172892759,167,169,8236,8236,2.171654782,1,0,2.001237977,4.098614146,4.099057144,167,169,8236,8236,2.097819167,1,0,-0.07383561500000013,-3.399970179974956
126,11:0:21 11:0:41 10098 100 17,2.017107312,29.002523748,29.015340715,12088,12115,1049796,1049796,26.998233403,3,0,2.017107312,29.313109503,29.324672478,12471,12498,1049796,1049796,27.307565166,3,0,0.3093317629999994,1.1457481620468803
127,11:0:21 11:0:41 10070 100 17,2.008715938,28.930741739,28.947135098,11953,11979,1049740,1049740,26.93841916,3,0,2.008715938,29.249393058,29.263809824,12332,12359,1049740,1049740,27.255093886,3,0,0.31667472600000224,1.175550518087648
128,11:0:21 11:0:41 10022 100 17,2.00110238,4.380359108,4.422557337,196,198,8272,8272,2.421454957,1,0,2.00110238,4.144122516,4.144416317,196,198,8272,8272,2.143313937,1,0,-0.27814102000000007,-11.486524628341458
129,11:0:21 11:0:41 10021 100 17,2.001056781,3.644322404,3.690526372,120,121,8402,8402,1.689469591,1,0,2.001056781,3.644322404,3.690526372,120,121,8402,8402,1.689469591,1,0,0.0,0.0
130,11:0:21 11:0:41 10053 100 17,2.004015751,11.574005957,11.610697448,1758,1767,65793,65793,9.606681697,2,0,2.004015751,12.136826298,12.17283959,1844,1854,65793,65793,10.168823839,2,0,0.562142141999999,5.851574557482697
131,11:0:21 11:0:41 10020 100 17,2.000998781,3.81150857,3.857394946,123,124,8352,8352,1.856396165,1,0,2.000998781,3.81150857,3.857394946,123,124,8352,8352,1.856396165,1,0,0.0,0.0
132,11:0:21 11:0:41 10067 100 17,2.00778474,20.949433278,20.986475772,5885,5903,708288,708288,18.978691032,3,0,2.00778474,21.574034289,21.610327588,6128,6147,708288,708288,19.602542848,3,0,0.6238518159999984,3.2871171934256207
133,11:0:21 11:0:41 10047 100 17,2.002783557,13.517008811,13.554585503,2440,2451,66301,66301,11.551801946,2,0,2.002783557,12.142792277,12.179084172,2107,2117,66301,66301,10.176300615,2,0,-1.3755013309999988,-11.907244752203258
134,11:0:21 11:0:41 10019 100 17,2.000938582,4.176118144,4.219757965,141,143,8328,8328,2.218819383,1,0,2.000938582,4.216784383,4.217110183,141,143,8328,8328,2.216171601,1,0,-0.002647781999999932,-0.11933292183611377
135,11:0:21 11:0:41 10044 100 17,2.002175158,3.107095674,3.154927829,64,64,8295,8295,1.152752671,1,0,2.002175158,3.107095674,3.154927829,64,64,8295,8295,1.152752671,1,0,0.0,0.0
136,11:0:21 11:0:41 10080 100 17,2.011699129,28.565532148,28.600670446,11410,11436,1050000,1050000,26.588971317,3,0,2.011699129,28.921538717,28.953622627,11772,11798,1050000,1050000,26.941923498,3,0,0.3529521810000027,1.3274382705221026
137,11:0:21 11:0:41 10024 100 17,2.001199578,5.001774365,5.04495021,215,217,8299,8299,3.043750632,1,0,2.001199578,4.989877639,4.990231438,214,216,8299,8299,2.98903186,1,0,-0.05471877200000019,-1.7977416226126697
138,11:0:21 11:0:41 10055 100 17,2.004238749,21.690367701,21.726488395,3517,3528,405328,405328,19.722249646,3,0,2.004238749,22.111670192,22.148238094,3617,3628,405328,405328,20.143999345,3,0,0.42174969899999937,2.138446204515706
139,11:0:21 11:0:41 10018 100 17,2.000824782,7.089883601,7.129271873,459,463,8308,8308,5.128447091,1,0,2.000824782,7.043726186,7.044209586,458,460,8308,8308,5.043384804,1,0,-0.08506228699999951,-1.6586363374846314
140,11:0:21 11:0:41 10023 100 17,2.001135579,3.520451001,3.567506776,114,115,8260,8260,1.566371197,1,0,2.001135579,3.520451001,3.567506776,114,115,8260,8260,1.566371197,1,0,0.0,0.0
141,11:0:21 11:0:41 10085 100 17,2.013247124,28.570425534,28.605282032,11413,11439,1050000,1050000,26.592034908,3,0,2.013247124,28.929241094,28.961039804,11773,11799,1050000,1050000,26.94779268,3,0,0.35575777200000047,1.337835834041319
142,11:0:21 11:0:41 10058 100 17,2.005162747,29.080408535,29.091510707,12063,12090,1049740,1049740,27.08634796,3,0,2.005162747,29.381436932,29.39066851,12444,12471,1049740,1049740,27.385505763,3,0,0.29915780299999994,1.1044597206008866
143,11:0:21 11:0:41 10064 100 17,2.006940542,28.581630301,28.616486799,11420,11446,1050000,1050000,26.609546257,3,0,2.006940542,28.937027274,28.968845183,11785,11811,1050000,1050000,26.961904641,3,0,0.35235838399999864,1.3241803546624025
144,11:0:21 11:0:41 10017 100 17,2.000783583,5.408625287,5.451229736,257,259,8339,8339,3.450446153,1,0,2.000783583,5.43207546,5.43240946,257,259,8339,8339,3.431625877,1,0,-0.018820276000000025,-0.5454447096250634
145,11:0:21 11:0:41 10078 100 17,2.01108633,28.758692203,28.777060355,11620,11646,1050017,1050017,26.765974025,3,0,2.01108633,29.065982327,29.083377485,11977,12004,1050017,1050017,27.072291155,3,0,0.30631713000000005,1.1444273603265596
146,11:0:21 11:0:41 10030 100 17,2.001473572,4.193981073,4.237123106,185,187,8272,8272,2.235649534,1,0,2.001473572,4.104231317,4.104541317,185,187,8272,8272,2.103067745,1,0,-0.13258178900000006,-5.930347623081429
147,11:0:21 11:0:41 10073 100 17,2.009633535,7.100654362,7.140541834,537,542,114912,114912,5.130908299,3,0,2.009633535,7.13604808,7.136860479,558,562,114912,114912,5.127226944,3,0,-0.003681354999999442,-0.07174860249825413
148,11:0:21 11:0:41 10036 100 17,2.001718966,4.817870038,4.859759685,187,188,8316,8316,2.858040719,1,0,2.001718966,4.782562021,4.78292322,187,188,8316,8316,2.781204254,1,0,-0.07683646499999996,-2.6884314309868995
149,11:0:21 11:0:41 10038 100 17,2.001815164,3.811563169,3.857444745,126,127,8370,8370,1.855629581,1,0,2.001815164,3.811563169,3.857444745,126,127,8370,8370,1.855629581,1,0,0.0,0.0
150,11:0:21 11:0:41 10014 100 17,2.000654786,4.8298856,4.87270284,230,231,8275,8275,2.872048054,1,0,2.000654786,4.349854993,4.350088594,230,231,8275,8275,2.349433808,1,0,-0.5226142459999998,-18.196570397634435
151,11:0:21 11:0:41 10000 100 17,2.0,4.288471879,4.33116311,186,188,8203,8203,2.33116311,1,0,2.0,4.088502603,4.088690799,186,188,8203,8203,2.088690799,1,0,-0.24247231099999977,-10.401344717573185
152,11:0:21 11:0:41 10054 100 17,2.00420515,5.702279847,5.744685503,366,369,66226,66226,3.740480353,2,0,2.00420515,6.019169102,6.061262163,374,378,66226,66226,4.057057013,2,0,0.3165766599999995,8.463529550318146
153,11:0:21 11:0:41 10074 100 17,2.009857534,28.558409169,28.593550867,11404,11430,1050000,1050000,26.583693333,3,0,2.009857534,28.91669213,28.94877604,11768,11794,1050000,1050000,26.938918506,3,0,0.3552251730000009,1.3362521473231024
154,11:0:21 11:0:41 10016 100 17,2.000751384,4.319500163,4.361998992,169,171,8212,8212,2.361247608,1,0,2.000751384,4.212420399,4.212736999,169,171,8212,8212,2.211985615,1,0,-0.1492619930000001,-6.321318971136044
155,11:0:21 11:0:41 10003 100 17,2.000123197,3.872940683,3.918612064,128,129,8336,8336,1.918488867,1,0,2.000123197,3.872940683,3.918612064,128,129,8336,8336,1.918488867,1,0,0.0,0.0
156,11:0:21 11:0:41 10004 100 17,2.000170596,6.172717847,6.21355511,391,395,8207,8207,4.213384514,1,0,2.000170596,5.063720768,5.063957569,368,370,8207,8207,3.063786973,1,0,-1.1495975410000003,-27.284420331925112
157,11:0:21 11:0:41 10068 100 17,2.00809354,28.55449098,28.589632678,11401,11427,1050000,1050000,26.581539138,3,0,2.00809354,28.912775942,28.944859852,11764,11790,1050000,1050000,26.936766312,3,0,0.3552271739999995,1.336367966338637
158,11:0:21 11:0:41 10005 100 17,2.000192195,3.793581059,3.839413636,122,123,8363,8363,1.839221441,1,0,2.000192195,3.793581059,3.839413636,122,123,8363,8363,1.839221441,1,0,0.0,0.0
159,11:0:21 11:0:41 10088 100 17,2.014180721,29.237370553,29.242926142,12333,12359,1049740,1049740,27.228745421,3,0,2.014180721,29.476240317,29.482095906,12607,12633,1049740,1049740,27.467915185,3,0,0.23916976399999967,0.8783723241818607
160,11:0:21 11:0:41 10039 100 17,2.001879763,3.574506534,3.620652715,118,119,8353,8353,1.618772952,1,0,2.001879763,3.574506534,3.620652715,118,119,8353,8353,1.618772952,1,0,0.0,0.0
161,11:0:21 11:0:41 10015 100 17,2.000700385,3.812906762,3.858795339,122,123,8263,8263,1.858094954,1,0,2.000700385,3.812906762,3.858795339,122,123,8263,8263,1.858094954,1,0,0.0,0.0
162,11:0:21 11:0:41 10006 100 17,2.000230394,6.808017131,6.8472906,421,424,8226,8226,4.847060206,1,0,2.000230394,6.759136973,6.759321172,419,421,8226,8226,4.759090778,1,0,-0.08796942800000007,-1.8149027299290794
163,11:0:21 11:0:41 10041 100 17,2.001992361,4.087428312,4.132222328,129,131,8217,8217,2.130229967,1,0,2.001992361,4.089233191,4.089565191,129,131,8217,8217,2.08757283,1,0,-0.042657136999999956,-2.0024662905326576
164,11:0:21 11:0:41 10011 100 17,2.000470589,4.341991866,4.384103496,150,152,8277,8277,2.383632907,1,0,2.000470589,4.312437763,4.312698365,150,152,8277,8277,2.312227776,1,0,-0.07140513100000012,-2.9956429444443864
165,11:0:21 11:0:41 10056 100 17,2.004540349,28.757774606,28.776142758,11636,11662,1049521,1049521,26.771602409,3,0,2.004540349,29.084935478,29.101131438,11993,12020,1049521,1049521,27.096591089,3,0,0.3249886800000006,1.2139306233337264
166,11:0:21 11:0:41 10081 100 17,2.012010328,28.601318842,28.629643561,11439,11465,1050040,1050040,26.617633233,3,0,2.012010328,28.140377749,28.174816053,11506,11532,1050040,1050040,26.162805725,3,0,-0.45482750800000105,-1.7087451165121441
167,11:0:21 11:0:41 10034 100 17,2.001640968,4.468186556,4.510799198,167,169,8344,8344,2.50915823,1,0,2.001640968,4.388331029,4.38858003,167,169,8344,8344,2.386939062,1,0,-0.12221916799999999,-4.870923106351886
168,11:0:21 11:0:41 10007 100 17,2.000254793,3.828693496,3.87412988,142,143,8227,8227,1.873875087,1,0,2.000254793,3.828693496,3.87412988,142,143,8227,8227,1.873875087,1,0,0.0,0.0
169,11:0:21 11:0:41 10060 100 17,2.005777145,28.580466904,28.615323402,11420,11446,1050000,1050000,26.609546257,3,0,2.005777145,28.935863877,28.967681786,11785,11811,1050000,1050000,26.961904641,3,0,0.35235838399999864,1.3241803546624025
170,11:0:21 11:0:41 10049 100 17,2.003244555,9.41833889,9.457038367,1127,1134,65869,65869,7.453793812,2,0,2.003244555,9.945598469,9.98387515,1181,1188,65869,65869,7.980630595,2,0,0.5268367830000003,7.06803536947636
171,11:0:21 11:0:41 10051 100 17,2.003734553,10.565017751,10.603231642,1448,1456,66436,66436,8.599497089,2,0,2.003734553,11.081186717,11.118742209,1519,1528,66436,66436,9.115007656,2,0,0.5155105669999998,5.994659474440805
172,11:0:21 11:0:41 10008 100 17,2.000306992,5.001409966,5.044607812,215,217,8241,8241,3.04430082,1,0,2.000306992,4.98956644,4.98989264,214,216,8241,8241,2.989585648,1,0,-0.05471517200000031,-1.797298468027227
173,11:0:21 11:0:41 10035 100 17,2.001662567,3.143436883,3.191155238,67,68,8324,8324,1.189492671,1,0,2.001662567,3.143436883,3.191155238,67,68,8324,8324,1.189492671,1,0,0.0,0.0
174,11:0:21 11:0:41 10002 100 17,2.000083798,3.710806267,3.757820435,117,118,8439,8439,1.757736637,1,0,2.000083798,3.710806267,3.757820435,117,118,8439,8439,1.757736637,1,0,0.0,0.0
175,11:0:21 11:0:41 10010 100 17,2.00041659,3.678586235,3.724305808,127,128,8322,8322,1.723889218,1,0,2.00041659,3.678586235,3.724305808,127,128,8322,8322,1.723889218,1,0,0.0,0.0
176,11:0:21 11:0:41 10031 100 17,2.001517971,6.280380086,6.321106555,406,410,8255,8255,4.319588584,1,0,2.001517971,4.9446636,4.944966002,373,375,8255,8255,2.943448031,1,0,-1.376140553,-31.85813940932482
177,11:0:21 11:0:41 10082 100 17,2.012321527,28.566776944,28.601915242,11410,11436,1050000,1050000,26.589593715,3,0,2.012321527,28.923389111,28.955187821,11772,11798,1050000,1050000,26.942866294,3,0,0.3532725790000022,1.328612173568904
178,11:0:21 11:0:41 10075 100 17,2.010168733,29.022413694,29.034626862,12055,12082,1049757,1049757,27.024458129,3,0,2.010168733,29.333540052,29.344261226,12436,12463,1049757,1049757,27.334092493,3,0,0.3096343640000008,1.1457560500268886
179,11:0:21 11:0:41 10012 100 17,2.000525988,3.905760313,3.950625113,109,110,8300,8300,1.950099125,1,0,2.000525988,3.905760313,3.950625113,109,110,8300,8300,1.950099125,1,0,0.0,0.0
180,11:0:21 11:0:41 10029 100 17,2.001442173,3.996677908,4.042040111,134,136,8229,8229,2.040597938,1,0,2.001442173,3.996677908,4.075895281,134,136,8229,8229,2.074453108,1,0,0.03385517000000027,1.6590808688742422
181,11:0:21 11:0:41 10033 100 17,2.001604569,3.111364659,3.159446811,64,64,8471,8471,1.157842242,1,0,2.001604569,3.111364659,3.159446811,64,64,8471,8471,1.157842242,1,0,0.0,0.0
182,11:0:21 11:0:41 10026 100 17,2.001297176,3.942658151,3.987727344,140,141,8318,8318,1.986430168,1,0,2.001297176,3.942658151,3.987727344,140,141,8318,8318,1.986430168,1,0,0.0,0.0
183,11:0:21 11:0:41 10040 100 17,2.001931962,4.294803451,4.337459684,146,148,8276,8276,2.335527722,1,0,2.001931962,4.243592873,4.243910473,146,148,8276,8276,2.241978511,1,0,-0.09354921100000002,-4.0054849325398
184,11:0:21 11:0:41 10032 100 17,2.00154617,4.112739013,4.157237622,139,140,8353,8353,2.155691452,1,0,2.00154617,4.186997528,4.187334928,139,140,8353,8353,2.185788758,1,0,0.030097306000000046,1.396178751466332
185,11:0:21 11:0:41 10095 100 17,2.016173715,28.576450316,28.611306814,11419,11445,1050000,1050000,26.595133099,3,0,2.016173715,28.931944486,28.963762395,11781,11807,1050000,1050000,26.94758868,3,0,0.3524555809999974,1.32526345962619
186,11:0:21 11:0:41 10037 100 17,2.001762565,5.438093791,5.480007843,332,335,8270,8270,3.478245278,1,0,2.001762565,4.68725962,4.68759182,321,323,8270,8270,2.685829255,1,0,-0.7924160230000004,-22.78206278355509
187,11:0:21 11:0:41 10043 100 17,2.002113159,3.812284364,3.858105342,122,123,8298,8298,1.855992183,1,0,2.002113159,3.812284364,3.858105342,122,123,8298,8298,1.855992183,1,0,0.0,0.0
188,11:0:21 11:0:41 10001 100 17,2.000028199,4.860021284,4.903700926,192,194,8312,8312,2.903672727,1,0,2.000028199,4.790837593,4.791088394,192,194,8312,8312,2.791060195,1,0,-0.11261253199999999,-3.878279082655033
189,11:0:21 11:0:41 10045 100 17,2.002284558,9.763621596,9.801558677,1223,1230,65983,65983,7.799274119,2,0,2.002284558,10.285597375,10.323377855,1285,1292,65983,65983,8.321093297,2,0,0.5218191780000012,6.690612101051621
190,11:0:21 11:0:41 10013 100 17,2.000594587,4.005659474,4.05088808,125,125,8350,8350,2.050293493,1,0,2.000594587,4.005659474,4.111499275,125,125,8350,8350,2.110904688,1,0,0.06061119500000034,2.956220424389765
191,11:0:21 11:0:41 10042 100 17,2.00205596,3.720449224,3.767610793,121,122,8331,8331,1.765554833,1,0,2.00205596,3.720449224,3.767610793,121,122,8331,8331,1.765554833,1,0,0.0,0.0
192,11:0:21 11:0:41 10046 100 17,2.002505558,5.706938832,5.749289884,361,364,65999,65999,3.746784326,2,0,2.002505558,6.023099289,6.065469946,369,373,65999,65999,4.062964388,2,0,0.31618006199999993,8.438704619476939
193,11:0:21 11:0:41 10059 100 17,2.005465946,29.234618161,29.239996749,12388,12413,1048620,1048620,27.234530803,3,0,2.005465946,29.510042843,29.514378837,12729,12754,1048620,1048620,27.508912891,3,0,0.27438208800000297,1.0074786673753844
194,11:0:21 11:0:41 10048 100 17,2.002970756,5.488279001,5.530327455,332,334,66323,66323,3.527356699,2,0,2.002970756,5.806256644,5.848333497,339,341,66323,66323,3.845362741,2,0,0.3180060420000004,9.015420586473565
195,11:0:21 11:0:41 10061 100 17,2.006088344,29.876649243,29.878738442,19198,19225,1049280,1049280,27.872650098,3,0,2.006088344,30.078679514,30.080232114,19615,19643,1049280,1049280,28.07414377,3,0,0.20149367199999801,0.7229081959969647
196,11:0:21 11:0:41 10009 100 17,2.000356391,3.784847117,3.831238084,128,129,8233,8233,1.830881693,1,0,2.000356391,3.784847117,3.831238084,128,129,8233,8233,1.830881693,1,0,0.0,0.0
197,11:0:21 11:0:41 10050 100 17,2.003471954,6.615985564,6.656488032,498,502,65883,65883,4.653016078,2,0,2.003471954,6.993506356,7.040215799,513,518,65883,65883,5.036743845,2,0,0.3837277669999999,8.24686097291409
198,11:0:21 11:0:41 10052 100 17,2.003977152,6.317809164,6.35828003,460,464,62399,62399,4.354302878,2,0,2.003977152,6.659489511,6.707116146,475,479,62399,62399,4.703138994,2,0,0.3488361159999993,8.011296544447665
199,11:0:21 11:0:41 10057 100 17,2.004851548,28.643214721,28.664345064,11466,11492,1049303,1049303,26.659493516,3,0,2.004851548,7.937822058,7.938717257,5106,5110,1049303,1049303,5.933865709,3,0,-20.725627807000002,-77.7420163461143
200,11:0:31 11:0:41 10099 100 17,2.015560908,29.372250682,29.375863277,12867,12892,1049806,1049806,27.360302369,3,0,2.015560908,29.63853124,29.641947637,13212,13236,1049806,1049806,27.626386729,3,0,0.2660843600000007,0.9725198077543246
201,11:0:31 11:0:41 10095 100 17,2.014397511,28.565843347,28.600981645,11410,11436,1050000,1050000,26.586584134,3,0,2.014397511,28.922463514,28.954262224,11772,11798,1050000,1050000,26.939864713,3,0,0.35328057899999976,1.3287926618155141
202,11:0:31 11:0:41 10092 100 17,2.014043114,25.565262103,25.599948802,4486,4502,605139,605139,23.585905688,3,0,2.014043114,26.224495043,26.258699346,4691,4706,605139,605139,24.244656232,3,0,0.6587505440000001,2.792983880772313
203,11:0:31 11:0:41 10090 100 17,2.013718316,29.089484111,29.100156284,12115,12140,1049740,1049740,27.086437968,3,0,2.013718316,29.387682917,29.396588497,12480,12506,1049740,1049740,27.382870181,3,0,0.2964322130000028,1.0943934870661425
204,11:0:31 11:0:41 10088 100 17,2.013113517,6.648842056,6.689748727,510,514,151008,151008,4.67663521,3,0,2.013113517,7.037399408,7.087088643,525,530,151008,151008,5.073975126,3,0,0.39733991599999996,8.496277732981444
205,11:0:31 11:0:41 10087 100 17,2.012802318,28.560865162,28.59600686,11406,11432,1050000,1050000,26.583204542,3,0,2.012802318,28.919148123,28.951232033,11768,11794,1050000,1050000,26.938429715,3,0,0.3552251730000009,1.3362767172737382
206,11:0:31 11:0:41 10085 100 17,2.012197519,28.99467077,29.007968337,12071,12098,1049796,1049796,26.995770818,3,0,2.012197519,29.306063119,29.317768295,12455,12482,1049796,1049796,27.305570776,3,0,0.30979995799999926,1.1475870057151085
207,11:0:31 11:0:41 10084 100 17,2.01188632,28.55809797,28.593239668,11404,11430,1050000,1050000,26.581353348,3,0,2.01188632,28.916077732,28.948161642,11767,11793,1050000,1050000,26.936275322,3,0,0.3549219739999998,1.335229133571201
208,11:0:31 11:0:41 10080 100 17,2.010727323,28.625624971,28.64799891,11463,11489,1049003,1049003,26.637271587,3,0,2.010727323,28.92370031,28.95549902,11807,11833,1049003,1049003,26.944771697,3,0,0.30750010999999944,1.1543979232094894
209,11:0:31 11:0:41 10079 100 17,2.010424124,29.080708134,29.091813906,12099,12126,1049757,1049757,27.081389782,3,0,2.010424124,29.377061742,29.38629332,12467,12494,1049757,1049757,27.375869196,3,0,0.2944794140000013,1.0873866384646587
210,11:0:31 11:0:41 10078 100 17,2.010120925,29.06374238,29.07530295,12055,12082,1049740,1049740,27.065182025,3,0,2.010120925,29.364367174,29.373937152,12430,12456,1049740,1049740,27.363816227,3,0,0.29863420200000235,1.1033888548178068
211,11:0:31 11:0:41 10076 100 17,2.009796127,29.10078868,29.110701857,12264,12291,1050020,1050020,27.10090573,3,0,2.009796127,29.397678894,29.405674877,12646,12673,1050020,1050020,27.39587875,3,0,0.2949730200000005,1.088424951323575
212,11:0:31 11:0:41 10075 100 17,2.009572128,30.255568403,30.256096001,18270,18294,992580,992580,28.246523873,3,0,2.009572128,30.256488883,30.257016481,16932,16955,992580,992580,28.247444353,3,0,0.0009204799999977809,0.003258737266703603
213,11:0:31 11:0:41 10093 100 17,2.014064713,28.600053847,28.628997564,11439,11465,1048580,1048580,26.614932851,3,0,2.014064713,28.953337426,28.979242554,11800,11826,1048580,1048580,26.965177841,3,0,0.3502449900000002,1.3159717214422373
214,11:0:31 11:0:41 10074 100 17,2.009260929,28.677124027,28.697605573,11501,11527,1048973,1048973,26.688344644,3,0,2.009260929,29.021012442,29.039711995,11865,11892,1048973,1048973,27.030451066,3,0,0.3421064220000005,1.2818570299634973
215,11:0:31 11:0:41 10073 100 17,2.00894973,28.77452876,28.792742312,11557,11583,1048941,1048941,26.783792582,3,0,2.00894973,29.111088609,29.12689557,11923,11950,1048941,1048941,27.11794584,3,0,0.3341532580000006,1.2475950034968823
216,11:0:31 11:0:41 10072 100 17,2.008638531,6.938556293,6.979541363,568,572,168202,168202,4.970902832,3,0,2.008638531,7.383295261,7.430263303,592,597,168202,168202,5.421624772,3,0,0.4507219400000002,9.067204796249378
217,11:0:31 11:0:41 10070 100 17,2.008024133,28.587488283,28.620477587,11425,11451,1050040,1050040,26.612453454,3,0,2.008024133,28.192008601,28.226095306,11291,11317,1050040,1050040,26.218071173,3,0,-0.39438228100000217,-1.4819463439614746
218,11:0:31 11:0:41 10081 100 17,2.011038522,29.944323339,29.944784939,19270,19297,1049280,1049280,27.933746417,3,0,2.011038522,30.154430937,30.155551536,19723,19751,1049280,1049280,28.144513014,3,0,0.21076659700000278,0.7545231987633919
219,11:0:31 11:0:41 10069 100 17,2.007720934,29.167677714,29.1750107,12197,12224,1049740,1049740,27.167289766,3,0,2.007720934,22.466841437,22.502087738,9527,9545,1049740,1049740,20.494366804,3,0,-6.672922962000001,-24.562343242465055
220,11:0:31 11:0:41 10068 100 17,2.007417735,29.960503561,29.961415983,15033,15049,1049777,1049777,27.953998248,3,0,2.007417735,30.157149525,30.157757923,15344,15360,1049777,1049777,28.150340188,3,0,0.19634193999999994,0.7023751602833681
221,11:0:31 11:0:41 10066 100 17,2.006980137,36.44095276,36.441207558,48054,48079,1048969,1048969,34.434227421,3,0,2.006980137,36.603901305,36.604156103,48308,48334,1048969,1048969,34.597175966,3,0,0.162948544999999,0.473216788074715
222,11:0:31 11:0:41 10071 100 17,2.008335332,28.972310828,28.986735789,11986,12012,1049740,1049740,26.978400457,3,0,2.008335332,29.284226571,29.297368143,12361,12388,1049740,1049740,27.289032811,3,0,0.3106323539999991,1.1514113095589413
223,11:0:31 11:0:41 10065 100 17,2.006958538,35.292114161,35.292564159,8279,8296,711612,711612,33.285605621,3,0,2.006958538,35.646976338,35.647426336,8491,8508,711612,711612,33.640467798,3,0,0.3548621770000011,1.0661130250732687
224,11:0:31 11:0:41 10064 100 17,2.006656938,29.172753903,29.179561289,12217,12244,1049310,1049310,27.172904351,3,0,2.006656938,29.455709161,29.462199148,12598,12624,1049310,1049310,27.45554221,3,0,0.28263785900000116,1.040145931215482
225,11:0:31 11:0:41 10063 100 17,2.006345739,28.580155705,28.615012203,11420,11446,1050000,1050000,26.608666464,3,0,2.006345739,28.935251078,28.967068987,11784,11810,1050000,1050000,26.960723248,3,0,0.35205678400000195,1.3230906722676787
226,11:0:31 11:0:41 10062 100 17,2.00603454,28.578923908,28.613780406,11420,11446,1050000,1050000,26.607745866,3,0,2.00603454,28.93410528,28.965923189,11783,11809,1050000,1050000,26.959888649,3,0,0.35214278300000146,1.323459660105886
227,11:0:31 11:0:41 10061 100 17,2.005723341,28.577072714,28.611929212,11419,11445,1050000,1050000,26.606205871,3,0,2.005723341,28.933171683,28.964989592,11782,11808,1050000,1050000,26.959266251,3,0,0.35306037999999873,1.3269850714972644
228,11:0:31 11:0:41 10060 100 17,2.005412142,28.611644011,28.636826741,11448,11474,1048580,1048580,26.631414599,3,0,2.005412142,28.465366423,28.498147332,11535,11561,1048580,1048580,26.49273519,3,0,-0.1386794089999981,-0.5207361722542724
229,11:0:31 11:0:41 10059 100 17,2.005108943,29.069680363,29.081013534,12124,12150,1049740,1049740,27.075904591,3,0,2.005108943,21.798138155,21.840872598,8631,8649,1049740,1049740,19.835763655,3,0,-7.2401409359999995,-26.740162684745954
230,11:0:31 11:0:41 10021 100 17,2.00103638,3.562473207,3.609369374,115,116,8272,8272,1.608332994,1,0,2.00103638,3.562473207,3.609369374,115,116,8272,8272,1.608332994,1,0,0.0,0.0
231,11:0:31 11:0:41 10024 100 17,2.001138377,3.872617283,3.918254265,129,129,8304,8304,1.917115888,1,0,2.001138377,3.872617283,3.918254265,129,129,8304,8304,1.917115888,1,0,0.0,0.0
232,11:0:31 11:0:41 10083 100 17,2.011579521,31.134252893,31.134868491,17831,17852,1048625,1048625,29.12328897,3,0,2.011579521,31.391704857,31.392320455,18120,18140,1048625,1048625,29.380740934,3,0,0.2574519639999977,0.8840071746882705
233,11:0:31 11:0:41 10020 100 17,2.001008181,10.623026175,10.660807064,998,1004,8250,8250,8.659798883,1,0,2.001008181,10.645735234,10.646044835,999,1001,8250,8250,8.645036654,1,0,-0.01476222900000046,-0.1704684970107112
234,11:0:31 11:0:41 10027 100 17,2.001320374,4.021287198,4.066739208,136,137,8439,8439,2.065418834,1,0,2.001320374,4.023312365,4.023462363,136,137,8439,8439,2.022141989,1,0,-0.04327684499999984,-2.0953060119137
235,11:0:31 11:0:41 10055 100 17,2.003880147,44.944820935,44.945429333,22239,22258,1049306,1049306,42.941549186,3,0,2.003880147,45.163769678,45.164378076,22407,22424,1049306,1049306,43.160497929,3,0,0.21894874299999856,0.5098762088242993
236,11:0:31 11:0:41 10018 100 17,2.000876183,3.807602388,3.853695561,135,136,8356,8356,1.852819378,1,0,2.000876183,3.807602388,3.853695561,135,136,8356,8356,1.852819378,1,0,0.0,0.0
237,11:0:31 11:0:41 10025 100 17,2.001202776,4.285596691,4.32836032,142,144,8213,8213,2.327157544,1,0,2.001202776,4.259111406,4.259439205,142,144,8213,8213,2.258236429,1,0,-0.06892111499999976,-2.9616007381062706
238,11:0:31 11:0:41 10040 100 17,2.002208961,3.89958675,3.944407743,132,133,8260,8260,1.942198782,1,0,2.002208961,3.89958675,3.944407743,132,133,8260,8260,1.942198782,1,0,0.0,0.0
239,11:0:31 11:0:41 10013 100 17,2.000633988,5.722957378,5.765322034,292,295,8202,8202,3.764688046,1,0,2.000633988,5.725448953,5.725674354,292,294,8202,8202,3.725040366,1,0,-0.03964767999999985,-1.0531464895776879
240,11:0:31 11:0:41 10082 100 17,2.011268322,53.309080571,53.309704969,18295,18313,1048876,1048876,51.298436647,3,0,2.011268322,53.950431477,53.951055875,18590,18608,1048876,1048876,51.939787553,3,0,0.6413509059999996,1.2502347984078508
241,11:0:31 11:0:41 10002 100 17,2.000083798,3.780337738,3.826513304,115,115,8216,8216,1.826429506,1,0,2.000083798,3.780337738,3.826513304,115,115,8216,8216,1.826429506,1,0,0.0,0.0
242,11:0:31 11:0:41 10014 100 17,2.000666787,3.525585178,3.573466342,117,118,8222,8222,1.572799555,1,0,2.000666787,3.525585178,3.573466342,117,118,8222,8222,1.572799555,1,0,0.0,0.0
243,11:0:31 11:0:41 10094 100 17,2.014375912,28.717924115,28.737185663,11585,11611,1049960,1049960,26.722809751,3,0,2.014375912,29.053328557,29.071075714,11949,11976,1049960,1049960,27.056699802,3,0,0.3338900510000009,1.2494571271178039
244,11:0:31 11:0:41 10003 100 17,2.000139598,5.568675919,5.610623368,304,307,8408,8408,3.61048377,1,0,2.000139598,4.732754021,4.733101621,296,298,8408,8408,2.732962023,1,0,-0.8775217470000003,-24.30482458587538
245,11:0:31 11:0:41 10097 100 17,2.015019909,29.926702846,29.927209847,19275,19302,1049280,1049280,27.912189938,3,0,2.015019909,30.125664946,30.126199945,19702,19729,1049280,1049280,28.111180036,3,0,0.19899009799999945,0.7129146743483995
246,11:0:31 11:0:41 10052 100 17,2.003416749,6.582122673,6.622902538,512,516,65764,65764,4.619485789,2,0,2.003416749,6.970675828,7.01753147,526,531,65764,65764,5.014114721,2,0,0.3946289320000007,8.542702586935066
247,11:0:31 11:0:41 10089 100 17,2.013415117,28.951416483,28.967250843,11988,12014,1049780,1049780,26.953835726,3,0,2.013415117,29.267707213,29.281517581,12368,12395,1049780,1049780,27.268102464,3,0,0.31426673799999705,1.1659443991374165
248,11:0:31 11:0:41 10015 100 17,2.000724586,4.14136149,4.185955308,136,138,8377,8377,2.185230722,1,0,2.000724586,4.119106635,4.119249435,136,138,8377,8377,2.118524849,1,0,-0.06670587300000008,-3.0525780334512467
249,11:0:31 11:0:41 10004 100 17,2.000188397,3.867652503,3.913232884,129,130,8260,8260,1.913044487,1,0,2.000188397,3.867652503,3.913232884,129,130,8260,8260,1.913044487,1,0,0.0,0.0
250,11:0:31 11:0:41 10005 100 17,2.000244396,3.759437428,3.805908797,125,126,8283,8283,1.805664401,1,0,2.000244396,3.759437428,3.805908797,125,126,8283,8283,1.805664401,1,0,0.0,0.0
251,11:0:31 11:0:41 10016 100 17,2.000790585,6.331260913,6.372132385,351,355,8330,8330,4.3713418,1,0,2.000790585,6.334676808,6.335013408,351,353,8330,8330,4.334222823,1,0,-0.03711897699999955,-0.8491437800631274
252,11:0:31 11:0:41 10000 100 17,2.0,4.482953103,4.525539145,162,164,8383,8383,2.525539145,1,0,2.0,4.430140454,4.430473455,162,164,8383,8383,2.430473455,1,0,-0.0950656900000002,-3.764174084896245
253,11:0:31 11:0:41 10017 100 17,2.000823584,4.394763461,4.437360892,153,154,8327,8327,2.436537308,1,0,2.000823584,4.42638167,4.42672527,153,154,8327,8327,2.425901686,1,0,-0.010635622000000122,-0.4365056083926839
254,11:0:31 11:0:41 10029 100 17,2.001431372,3.799164624,3.845176607,138,139,8320,8320,1.843745235,1,0,2.001431372,3.799164624,3.845176607,138,139,8320,8320,1.843745235,1,0,0.0,0.0
255,11:0:31 11:0:41 10098 100 17,2.015249709,39.200485205,39.201109603,22104,22112,1049419,1049419,37.185859894,3,0,2.015249709,39.728325423,39.728949821,22526,22535,1049419,1049419,37.713700112,3,0,0.5278402180000015,1.4194648705304498
256,11:0:31 11:0:41 10022 100 17,2.001081579,4.456087009,4.498529442,157,158,8458,8458,2.497447863,1,0,2.001081579,4.379678261,4.37999786,157,158,8458,8458,2.378916281,1,0,-0.11853158200000014,-4.746108367508296
257,11:0:31 11:0:41 10007 100 17,2.000371794,5.840228578,5.881699836,367,369,8251,8251,3.881328042,1,0,2.000371794,4.812652302,4.812960103,347,349,8251,8251,2.812588309,1,0,-1.0687397329999997,-27.53541368920962
258,11:0:31 11:0:41 10026 100 17,2.001271575,5.012308926,5.05524177,204,206,8200,8200,3.053970195,1,0,2.001271575,4.8405994,4.8409234,203,205,8200,8200,2.839651825,1,0,-0.21431837000000042,-7.01769684428765
259,11:0:31 11:0:41 10032 100 17,2.001582369,3.17066096,3.218035711,71,72,8430,8430,1.216453342,1,0,2.001582369,3.17066096,3.218035711,71,72,8430,8430,1.216453342,1,0,0.0,0.0
260,11:0:31 11:0:41 10038 100 17,2.002090963,3.848134794,3.893627976,139,140,8326,8326,1.891537013,1,0,2.002090963,3.848134794,3.893627976,139,140,8326,8326,1.891537013,1,0,0.0,0.0
261,11:0:31 11:0:41 10009 100 17,2.000464792,7.133988853,7.173675527,466,470,8241,8241,5.173210735,1,0,2.000464792,7.145282849,7.145504449,466,468,8241,8241,5.145039657,1,0,-0.02817107799999974,-0.5445569384870562
262,11:0:31 11:0:41 10056 100 17,2.004183346,29.030650273,29.042950641,12006,12033,1048580,1048580,27.038767295,3,0,2.004183346,29.340161636,29.35119241,12388,12415,1048580,1048580,27.347009064,3,0,0.3082417690000021,1.1399993410831346
263,11:0:31 11:0:41 10001 100 17,2.000031399,3.760852821,3.80733059,120,121,8309,8309,1.807299191,1,0,2.000031399,3.760852821,3.80733059,120,121,8309,8309,1.807299191,1,0,0.0,0.0
264,11:0:31 11:0:41 10010 100 17,2.000492791,3.949483318,3.99413872,137,138,8283,8283,1.993645929,1,0,2.000492791,3.949483318,3.99413872,137,138,8283,8283,1.993645929,1,0,0.0,0.0
265,11:0:31 11:0:41 10067 100 17,2.007106536,29.196469449,29.202874436,12493,12519,1048660,1048660,27.1957679,3,0,2.007106536,29.43289281,29.440214994,12698,12724,1048660,1048660,27.433108458,3,0,0.23734055799999965,0.8727113677124728
266,11:0:31 11:0:41 10023 100 17,2.001112978,4.486989288,4.529439127,172,174,7965,7965,2.528326149,1,0,2.001112978,4.492270399,4.492493598,172,174,7965,7965,2.49138062,1,0,-0.03694552900000003,-1.461264363168204
267,11:0:31 11:0:41 10019 100 17,2.000929582,3.913504882,3.957983283,120,120,8394,8394,1.957053701,1,0,2.000929582,3.913504882,3.957983283,120,120,8394,8394,1.957053701,1,0,0.0,0.0
268,11:0:31 11:0:41 10042 100 17,2.002390759,3.725652796,3.772317371,118,119,8326,8326,1.769926612,1,0,2.002390759,3.725652796,3.772317371,118,119,8326,8326,1.769926612,1,0,0.0,0.0
269,11:0:31 11:0:41 10012 100 17,2.000560989,3.915539272,3.960107072,131,132,8354,8354,1.959546083,1,0,2.000560989,3.915539272,3.960107072,131,132,8354,8354,1.959546083,1,0,0.0,0.0
270,11:0:31 11:0:41 10011 100 17,2.00051439,4.138612499,4.183017922,148,150,8318,8318,2.182503532,1,0,2.00051439,4.095137165,4.095364164,148,150,8318,8318,2.094849774,1,0,-0.08765375800000008,-4.016202343538754
271,11:0:31 11:0:41 10077 100 17,2.010099326,29.205414228,29.211052616,12683,12710,1048593,1048593,27.20095329,3,0,2.010099326,29.488546489,29.493869079,13070,13096,1048593,1048593,27.483769753,3,0,0.28281646299999963,1.0397299682286232
272,11:0:31 11:0:41 10028 100 17,2.001380573,7.51574842,7.553874898,234,234,8263,8263,5.552494325,1,0,2.001380573,7.298988337,7.299314738,230,230,8263,8263,5.297934165,1,0,-0.2545601599999996,-4.584609098182187
273,11:0:31 11:0:41 10034 100 17,2.001759967,3.112709653,3.160791607,67,68,8203,8203,1.15903164,1,0,2.001759967,3.112709653,3.160791607,67,68,8203,8203,1.15903164,1,0,0.0,0.0
274,11:0:31 11:0:41 10030 100 17,2.001481371,4.030275753,4.075840966,118,120,8340,8340,2.074359595,1,0,2.001481371,4.029620309,4.030004908,118,120,8340,8340,2.028523537,1,0,-0.0458360579999999,-2.20964861205754
275,11:0:31 11:0:41 10033 100 17,2.001700368,3.959304675,4.003925483,123,125,8376,8376,2.002225115,1,0,2.001700368,3.959304675,4.003925483,123,125,8376,8376,2.002225115,1,0,0.0,0.0
276,11:0:31 11:0:41 10035 100 17,2.001878966,5.202781827,5.244981079,296,299,8302,8302,3.243102113,1,0,2.001878966,4.520596279,4.520949478,291,293,8302,8302,2.519070512,1,0,-0.7240316010000001,-22.325279185558596
277,11:0:31 11:0:41 10036 100 17,2.001908565,4.050455281,4.095711285,125,127,8462,8462,2.09380272,1,0,2.001908565,4.050304001,4.0506018,125,127,8462,8462,2.048693235,1,0,-0.04510948499999978,-2.1544286178021483
278,11:0:31 11:0:41 10039 100 17,2.002133962,3.833149664,3.878647449,126,127,8506,8506,1.876513487,1,0,2.002133962,3.833149664,3.878647449,126,127,8506,8506,1.876513487,1,0,0.0,0.0
279,11:0:31 11:0:41 10043 100 17,2.002445758,4.014016638,4.059521245,135,137,8367,8367,2.057075487,1,0,2.002445758,4.014322431,4.014614625,135,137,8367,8367,2.012168867,1,0,-0.0449066199999999,-2.183032187384181
280,11:0:31 11:0:41 10031 100 17,2.00154717,3.265608266,3.312975237,72,73,8291,8291,1.311428067,1,0,2.00154717,3.265608266,3.312975237,72,73,8291,8291,1.311428067,1,0,0.0,0.0
281,11:0:31 11:0:41 10037 100 17,2.001975764,3.944641342,3.989620537,125,126,8233,8233,1.987644773,1,0,2.001975764,3.944641342,3.989620537,125,126,8233,8233,1.987644773,1,0,0.0,0.0
282,11:0:31 11:0:41 10047 100 17,2.002653954,4.954437736,4.998120178,262,264,49142,49142,2.995466224,2,0,2.002653954,5.25587488,5.298507933,268,271,49142,49142,3.295853979,2,0,0.30038775500000003,10.028080189763475
283,11:0:31 11:0:41 10041 100 17,2.00227976,2.974858747,3.024407495,55,56,8297,8297,1.022127735,1,0,2.00227976,2.974858747,3.024407495,55,56,8297,8297,1.022127735,1,0,0.0,0.0
284,11:0:31 11:0:41 10048 100 17,2.002916953,6.144102348,6.185870409,430,434,65702,65702,4.182953456,2,0,2.002916953,6.470219147,6.512095008,444,448,65702,65702,4.509178055,2,0,0.32622459899999967,7.798905783473764
285,11:0:31 11:0:41 10044 100 17,2.002477157,4.073561174,4.118397188,161,163,8242,8242,2.115920031,1,0,2.002477157,4.053155187,4.053494186,161,163,8242,8242,2.051017029,1,0,-0.06490300199999988,-3.0673655454420095
286,11:0:31 11:0:41 10096 100 17,2.01470871,28.566465745,28.601604043,11410,11436,1050000,1050000,26.586895333,3,0,2.01470871,28.923077912,28.954876622,11772,11798,1050000,1050000,26.940167912,3,0,0.35327257899999864,1.3287470183158698
287,11:0:31 11:0:41 10045 100 17,2.002548356,30.124420511,30.12512711,11862,11885,65612,65612,28.122578754,2,0,2.002548356,16.423168362,16.423491563,6965,6967,65612,65612,14.420943207,2,0,-13.701635546999999,-48.72112072955313
288,11:0:31 11:0:41 10086 100 17,2.012499119,28.933700732,28.95012689,11957,11983,1049740,1049740,26.937627771,3,0,2.012499119,29.251759652,29.266168418,12335,12362,1049740,1049740,27.253669299,3,0,0.3160415279999995,1.1732344462055324
289,11:0:31 11:0:41 10046 100 17,2.002577755,10.156946576,10.194979665,1336,1343,65892,65892,8.19240191,2,0,2.002577755,10.674186549,10.711946438,1401,1409,65892,65892,8.709368683,2,0,0.516966773,6.310319960852604
290,11:0:31 11:0:41 10006 100 17,2.000307995,4.139786496,4.184258117,137,139,8303,8303,2.183950122,1,0,2.000307995,4.098586546,4.099021145,137,139,8303,8303,2.09871315,1,0,-0.08523697200000013,-3.9028808918924627
291,11:0:31 11:0:41 10049 100 17,2.002955952,6.074083984,6.116599241,421,425,65790,65790,4.113643289,2,0,2.002955952,6.400246194,6.442517249,436,440,65790,65790,4.439561297,2,0,0.32591800800000037,7.922855364526003
292,11:0:31 11:0:41 10091 100 17,2.014021515,28.585720087,28.619331789,11434,11460,1048940,1048940,26.605310274,3,0,2.014021515,28.94185046,28.971801175,11799,11825,1048940,1048940,26.95777966,3,0,0.3524693859999992,1.32480840242051
293,11:0:31 11:0:41 10050 100 17,2.003180951,29.447462356,29.450395553,11372,11394,65586,65586,27.447214602,2,0,2.003180951,16.24620368,16.246518679,6833,6834,65586,65586,14.243337728,2,0,-13.203876873999999,-48.10643653814646
294,11:0:31 11:0:41 10051 100 17,2.00320875,9.142705772,9.182084646,1060,1067,66377,66377,7.178875896,2,0,2.00320875,9.675482948,9.714058023,1114,1121,66377,66377,7.710849273,2,0,0.5319733769999999,7.410260111843002
295,11:0:31 11:0:41 10053 100 17,2.003459149,9.421832271,9.460850949,1134,1141,66038,66038,7.4573918,2,0,2.003459149,9.94827766,9.986531541,1187,1194,66038,66038,7.983072392,2,0,0.5256805920000005,7.049121275886303
296,11:0:31 11:0:41 10054 100 17,2.003673148,10.110280318,10.148596205,1311,1319,66072,66072,8.144923057,2,0,2.003673148,10.627484094,10.665736577,1378,1386,66072,66072,8.662063429,2,0,0.5171403720000001,6.349235816973785
297,11:0:31 11:0:41 10008 100 17,2.000404593,4.001066491,4.046557095,136,138,8208,8208,2.046152502,1,0,2.000404593,4.001066491,4.091618783,136,138,8208,8208,2.09121419,1,0,0.0450616880000001,2.2022643940739908
298,11:0:31 11:0:41 10058 100 17,2.004797744,28.575827918,28.610684416,11418,11444,1050000,1050000,26.605886672,3,0,2.004797744,28.932860484,28.964678393,11779,11805,1050000,1050000,26.959880649,3,0,0.35399397699999824,1.3305099783520502
299,11:0:31 11:0:41 10057 100 17,2.004494545,29.070514962,29.081848133,12103,12130,1049740,1049740,27.077353588,3,0,2.004494545,29.371823156,29.381714133,12484,12511,1049740,1049740,27.377219588,3,0,0.29986599999999797,1.1074420512530847
